2026-10-05 16:32:17.015 [Main] Recording session: /home/vilceanu/github/inference_test/results/full_pipeline/20261005_163216_4841
2026-10-05 16:32:17.015 [Main] FOLLOW controller: pd_kp=1.0000 pd_kd=0.0000 pi_kp=1.2000 pi_ki=0.0000 follow_target_depth=3.0000 raw follow_invert_depth=true
2026-10-05 16:32:17.017 [Record] Saving every processed frame to /home/vilceanu/github/inference_test/results/full_pipeline/20261005_163216_4841/annotated.mp4 (playback 10 fps)
2026-10-05 16:32:17.453 [T2] Ready. YOLO=models/hailo/yolov8s_h8l.hef  Depth=models/hailo/depth_anything_v2--224x224.hef (in:224x224 out:224x224)
2026-10-05 16:32:17.454 [RC] Opened /dev/serial0 @ 420000 baud
2026-10-05 16:32:17.454 [T4] GPIO initialised on chip 4
2026-10-05 16:32:17.454 [RC] Receiver started
2026-10-05 16:32:17.454 [T4] Motor controller started
2026-10-05 16:32:17.454 [T4] Watchdog started (timeout 200 ms)
2026-10-05 16:32:17.454 [T3] Decision engine started in IDLE
2026-10-05 16:32:17.454 [T3] Waiting for wake-word writer on /tmp/wake_word_pipe...
2026-10-05 16:32:17.454 [T3] Wake-word pipe ready
2026-10-05 16:32:17.569 [0:20:58.155383252] [4965] [1;32m INFO [1;37mCamera [1;34mcamera_manager.cpp:330 [0mlibcamera v0.5.2+99-bfd68f78
2026-10-05 16:32:17.577 [0:20:58.163285330] [4974] [1;32m INFO [1;37mRPI [1;34mpisp.cpp:720 [0mlibpisp version v1.2.1 981977ff21f3 29-04-2025 (14:13:50)
2026-10-05 16:32:17.680 [0:20:58.266780349] [4974] [1;32m INFO [1;37mIPAProxy [1;34mipa_proxy.cpp:180 [0mUsing tuning file /usr/share/libcamera/ipa/rpi/pisp/imx708.json
2026-10-05 16:32:17.691 [0:20:58.277544099] [4974] [1;32m INFO [1;37mCamera [1;34mcamera_manager.cpp:220 [0mAdding camera '/base/axi/pcie@120000/rp1/i2c@88000/imx708@1a' for pipeline handler rpi/pisp
2026-10-05 16:32:17.691 [0:20:58.277570779] [4974] [1;32m INFO [1;37mRPI [1;34mpisp.cpp:1179 [0mRegistered camera /base/axi/pcie@120000/rp1/i2c@88000/imx708@1a to CFE device /dev/media3 and ISP device /dev/media0 using PiSP variant BCM2712_C0
2026-10-05 16:32:17.696 [0:20:58.282304330] [4977] [1;32m INFO [1;37mCamera [1;34mcamera.cpp:1215 [0mconfiguring streams: (0) 1280x720-NV12/Rec709
2026-10-05 16:32:17.696 [0:20:58.282509099] [4974] [1;32m INFO [1;37mRPI [1;34mpisp.cpp:1483 [0mSensor: /base/axi/pcie@120000/rp1/i2c@88000/imx708@1a - Selected sensor format: 1536x864-SBGGR10_1X10/RAW - Selected CFE format: 1536x864-PC1B/RAW
2026-10-05 16:32:17.895 [ WARN:0@0.881] global ./modules/videoio/src/cap_gstreamer.cpp (1374) open OpenCV | GStreamer warning: unable to query duration of stream
2026-10-05 16:32:17.895 [ WARN:0@0.881] global ./modules/videoio/src/cap_gstreamer.cpp (1405) open OpenCV | GStreamer warning: Cannot query video position: status=0, value=-1, duration=-1
2026-10-05 16:32:18.895 [T1] Camera capture started (1280x720)
2026-10-05 16:32:18.909 [T3] RC switch -> mode MANUAL
2026-10-05 16:32:19.071 [T3] Person frame in MANUAL: count=0
2026-10-05 16:32:19.233 [T3] Person frame in MANUAL: count=0
2026-10-05 16:32:19.399 [T3] Person frame in MANUAL: count=0
2026-10-05 16:32:19.562 [T3] Person frame in MANUAL: count=0
2026-10-05 16:32:19.723 [T3] Person frame in MANUAL: count=0
2026-10-05 16:32:19.905 [T3] Person frame in MANUAL: count=0
2026-10-05 16:32:20.067 [T3] Person frame in MANUAL: count=0
2026-10-05 16:32:20.087 [T4] throttle=-0.10 steer=0.00 -> L=-0.06 R=-0.06
2026-10-05 16:32:20.228 [T3] Person frame in MANUAL: count=0
2026-10-05 16:32:20.389 [T3] Person frame in MANUAL: count=0
2026-10-05 16:32:20.551 [T3] Person frame in MANUAL: count=0
2026-10-05 16:32:20.712 [T3] Person frame in MANUAL: count=0
2026-10-05 16:32:20.894 [T3] Person frame in MANUAL: count=0
2026-10-05 16:32:21.056 [T3] Person frame in MANUAL: count=0
2026-10-05 16:32:21.096 [T4] throttle=-0.96 steer=0.52 -> L=-0.06 R=-1.00
2026-10-05 16:32:21.217 [T3] Person frame in MANUAL: count=0
2026-10-05 16:32:21.379 [T3] Person frame in MANUAL: count=0
2026-10-05 16:32:21.540 [T3] Person frame in MANUAL: count=0
2026-10-05 16:32:21.702 [T3] Person frame in MANUAL: count=0
2026-10-05 16:32:21.865 [T3] Person frame in MANUAL: count=0
2026-10-05 16:32:22.046 [T3] Person frame in MANUAL: count=0
2026-10-05 16:32:22.107 [T4] throttle=-0.95 steer=1.00 -> L=0.43 R=-1.00
2026-10-05 16:32:22.208 [T3] Person frame in MANUAL: count=0
2026-10-05 16:32:22.369 [T3] Person frame in MANUAL: count=0
2026-10-05 16:32:22.531 [T3] Person frame in MANUAL: count=0
2026-10-05 16:32:22.693 [T3] Person frame in MANUAL: count=0
2026-10-05 16:32:22.856 [T3] Person frame in MANUAL: count=0
2026-10-05 16:32:23.037 [T3] Person frame in MANUAL: count=0
2026-10-05 16:32:23.099 [T4] throttle=0.00 steer=0.00 -> L=0.00 R=0.00
2026-10-05 16:32:23.139 [T4] throttle=0.08 steer=0.00 -> L=0.05 R=0.05
2026-10-05 16:32:23.200 [T3] Person frame in MANUAL: count=0
2026-10-05 16:32:23.361 [T3] Person frame in MANUAL: count=0
2026-10-05 16:32:23.523 [T3] Person frame in MANUAL: count=0
2026-10-05 16:32:23.684 [T3] Person frame in MANUAL: count=0
2026-10-05 16:32:23.846 [T3] Person frame in MANUAL: count=0
2026-10-05 16:32:24.008 [T3] Person frame in MANUAL: count=0
2026-10-05 16:32:24.150 [T4] throttle=0.81 steer=1.00 -> L=1.00 R=-0.51
2026-10-05 16:32:24.190 [T3] Person frame in MANUAL: count=0
2026-10-05 16:32:24.352 [T3] Person frame in MANUAL: count=0
2026-10-05 16:32:24.513 [T3] Person frame in MANUAL: count=0
2026-10-05 16:32:24.675 [T3] Person frame in MANUAL: count=0
2026-10-05 16:32:24.797 [T4] throttle=0.00 steer=0.00 -> L=0.00 R=0.00
2026-10-05 16:32:24.857 [T3] Person frame in MANUAL: count=0
2026-10-05 16:32:25.018 [T3] Person frame in MANUAL: count=0
2026-10-05 16:32:25.180 [T3] Person frame in MANUAL: count=0
2026-10-05 16:32:25.342 [T3] Person frame in MANUAL: count=0
2026-10-05 16:32:25.504 [T3] Person frame in MANUAL: count=0
2026-10-05 16:32:25.686 [T3] Person frame in MANUAL: count=0
2026-10-05 16:32:25.847 [T3] Person frame in MANUAL: count=0
2026-10-05 16:32:26.009 [T3] Person frame in MANUAL: count=0
2026-10-05 16:32:26.172 [T3] Person frame in MANUAL: count=0
2026-10-05 16:32:26.293 [T3] RC switch -> mode FOLLOW
2026-10-05 16:32:26.793 [T3] Person frame in FOLLOW: count=0
2026-10-05 16:32:26.794 [T3] Person frame in FOLLOW: count=0
2026-10-05 16:32:26.838 [T3] Person frame in FOLLOW: count=0
2026-10-05 16:32:27.003 [T3] Person frame in FOLLOW: count=0
2026-10-05 16:32:27.169 [T3] Person frame in FOLLOW: count=0
2026-10-05 16:32:27.334 [T3] Person frame in FOLLOW: count=0
2026-10-05 16:32:27.498 [T3] Person frame in FOLLOW: count=0
2026-10-05 16:32:27.662 [T3] Person frame in FOLLOW: count=0
2026-10-05 16:32:27.829 [T3] Person frame in FOLLOW: count=0
2026-10-05 16:32:27.996 [T3] Person frame in FOLLOW: count=0
2026-10-05 16:32:28.161 [T3] Person frame in FOLLOW: count=0
2026-10-05 16:32:28.336 [T3] Person frame in FOLLOW: count=0
2026-10-05 16:32:28.510 [T3] Person frame in FOLLOW: count=0
2026-10-05 16:32:28.679 [T3] Person frame in FOLLOW: count=0
2026-10-05 16:32:28.852 [T3] Person frame in FOLLOW: count=0
2026-10-05 16:32:29.018 [T3] Person frame in FOLLOW: count=0
2026-10-05 16:32:29.187 [T3] Person frame in FOLLOW: count=0
2026-10-05 16:32:29.356 [T3] Person frame in FOLLOW: count=0
2026-10-05 16:32:29.525 [T3] Person frame in FOLLOW: count=0
2026-10-05 16:32:29.690 [T3] Person frame in FOLLOW: count=0
2026-10-05 16:32:29.859 [T3] Person frame in FOLLOW: count=0
2026-10-05 16:32:30.025 [T3] Person frame in FOLLOW: count=0
2026-10-05 16:32:30.192 [T3] Person frame in FOLLOW: count=0
2026-10-05 16:32:30.360 [T3] Person frame in FOLLOW: count=0
2026-10-05 16:32:30.527 [T3] Person frame in FOLLOW: count=0
2026-10-05 16:32:30.704 [T3] Person frame in FOLLOW: count=0
2026-10-05 16:32:30.883 [T3] Person frame in FOLLOW: count=0
2026-10-05 16:32:31.058 [T3] Person frame in FOLLOW: count=0
2026-10-05 16:32:31.225 [T3] Person frame in FOLLOW: count=0
2026-10-05 16:32:31.395 [T3] Person frame in FOLLOW: count=0
2026-10-05 16:32:31.567 [T3] Person frame in FOLLOW: count=1, target_score=0.72, target_center=(54,128), target_box=(1,2,108,255), target_depth=0.7799 raw
2026-10-05 16:32:31.568 [T3] Person detected in FOLLOW: 1 person(s), score=0.72, center=(54,128), depth=0.780 raw
2026-10-05 16:32:31.568 [T4] throttle=1.00 steer=-0.91 -> L=-0.31 R=1.00
2026-10-05 16:32:31.735 [T3] Person frame in FOLLOW: count=1, target_score=0.89, target_center=(131,275), target_box=(0,2,263,549), target_depth=1.6061 raw
2026-10-05 16:32:31.907 [T3] Person frame in FOLLOW: count=1, target_score=0.94, target_center=(191,355), target_box=(1,1,381,710), target_depth=1.5175 raw
2026-10-05 16:32:32.086 [T3] Person frame in FOLLOW: count=1, target_score=0.87, target_center=(363,358), target_box=(221,1,505,715), target_depth=1.7456 raw
2026-10-05 16:32:32.250 [T3] Person frame in FOLLOW: count=1, target_score=0.85, target_center=(470,357), target_box=(318,1,623,713), target_depth=1.9934 raw
2026-10-05 16:32:32.421 [T3] Person frame in FOLLOW: count=1, target_score=0.86, target_center=(597,357), target_box=(460,2,735,713), target_depth=1.9898 raw
2026-10-05 16:32:32.590 [T3] Person frame in FOLLOW: count=1, target_score=0.90, target_center=(746,357), target_box=(641,1,851,713), target_depth=1.2523 raw
2026-10-05 16:32:32.590 [T4] throttle=1.00 steer=0.17 -> L=0.77 R=0.43
2026-10-05 16:32:32.769 [T3] Person frame in FOLLOW: count=1, target_score=0.96, target_center=(821,355), target_box=(678,2,964,709), target_depth=1.3512 raw
2026-10-05 16:32:32.937 [T3] Person frame in FOLLOW: count=1, target_score=0.95, target_center=(883,355), target_box=(745,1,1021,710), target_depth=2.0162 raw
2026-10-05 16:32:33.104 [T3] Person frame in FOLLOW: count=1, target_score=0.93, target_center=(839,356), target_box=(720,1,958,711), target_depth=1.7139 raw
2026-10-05 16:32:33.270 [T3] Person frame in FOLLOW: count=1, target_score=0.90, target_center=(864,356), target_box=(740,1,988,712), target_depth=1.6713 raw
2026-10-05 16:32:33.434 [T3] Person frame in FOLLOW: count=1, target_score=0.91, target_center=(866,356), target_box=(743,2,990,711), target_depth=1.5865 raw
2026-10-05 16:32:33.600 [T3] Person frame in FOLLOW: count=1, target_score=0.94, target_center=(903,356), target_box=(786,3,1020,710), target_depth=1.6132 raw
2026-10-05 16:32:33.600 [T4] throttle=1.00 steer=0.41 -> L=1.00 R=0.19
2026-10-05 16:32:33.765 [T3] Person frame in FOLLOW: count=1, target_score=0.94, target_center=(910,355), target_box=(781,1,1040,710), target_depth=1.7282 raw
2026-10-05 16:32:33.933 [T3] Person frame in FOLLOW: count=1, target_score=0.95, target_center=(920,355), target_box=(788,3,1052,708), target_depth=1.6413 raw
2026-10-05 16:32:34.098 [T3] Person frame in FOLLOW: count=1, target_score=0.95, target_center=(915,355), target_box=(785,3,1046,708), target_depth=1.5581 raw
2026-10-05 16:32:34.272 [T3] Person frame in FOLLOW: count=1, target_score=0.92, target_center=(892,356), target_box=(781,2,1003,711), target_depth=1.5424 raw
2026-10-05 16:32:34.436 [T3] Person frame in FOLLOW: count=1, target_score=0.94, target_center=(832,356), target_box=(719,2,946,711), target_depth=1.4309 raw
2026-10-05 16:32:34.601 [T3] Person frame in FOLLOW: count=1, target_score=0.91, target_center=(820,356), target_box=(692,1,948,712), target_depth=1.7139 raw
2026-10-05 16:32:34.601 [T4] throttle=1.00 steer=0.28 -> L=0.88 R=0.32
2026-10-05 16:32:34.766 [T3] Person frame in FOLLOW: count=1, target_score=0.92, target_center=(815,355), target_box=(686,0,945,710), target_depth=1.2665 raw
2026-10-05 16:32:34.934 [T3] Person frame in FOLLOW: count=1, target_score=0.92, target_center=(842,356), target_box=(698,0,987,712), target_depth=2.6530 raw
2026-10-05 16:32:35.110 [T3] Person frame in FOLLOW: count=1, target_score=0.91, target_center=(887,357), target_box=(720,2,1055,712), target_depth=2.1525 raw
2026-10-05 16:32:35.275 [T3] Person frame in FOLLOW: count=1, target_score=0.91, target_center=(1012,355), target_box=(876,2,1148,709), target_depth=1.9457 raw
2026-10-05 16:32:35.440 [T3] Person frame in FOLLOW: count=1, target_score=0.94, target_center=(1043,356), target_box=(910,3,1177,710), target_depth=2.3347 raw
2026-10-05 16:32:35.605 [T3] Person frame in FOLLOW: count=1, target_score=0.89, target_center=(1082,357), target_box=(963,3,1201,712), target_depth=1.9119 raw
2026-10-05 16:32:35.606 [T4] throttle=1.00 steer=0.69 -> L=1.00 R=-0.09
2026-10-05 16:32:35.775 [T3] Person frame in FOLLOW: count=1, target_score=0.91, target_center=(1010,357), target_box=(873,3,1148,712), target_depth=2.2941 raw
2026-10-05 16:32:35.938 [T3] Person frame in FOLLOW: count=1, target_score=0.91, target_center=(959,357), target_box=(810,2,1108,712), target_depth=2.1155 raw
2026-10-05 16:32:36.105 [T3] Person frame in FOLLOW: count=1, target_score=0.93, target_center=(1022,356), target_box=(876,3,1169,710), target_depth=2.2550 raw
2026-10-05 16:32:36.275 [T3] Person frame in FOLLOW: count=2, target_score=0.89, target_center=(1066,357), target_box=(910,3,1222,712), target_depth=2.0482 raw
2026-10-05 16:32:36.445 [T3] Person frame in FOLLOW: count=1, target_score=0.70, target_center=(1010,357), target_box=(881,2,1139,712), target_depth=1.9261 raw
2026-10-05 16:32:36.611 [T3] Person frame in FOLLOW: count=1, target_score=0.83, target_center=(960,355), target_box=(825,2,1096,708), target_depth=2.3860 raw
2026-10-05 16:32:36.612 [T4] throttle=0.74 steer=0.50 -> L=0.94 R=-0.06
2026-10-05 16:32:36.774 [T3] Person frame in FOLLOW: count=1, target_score=0.88, target_center=(801,354), target_box=(693,1,909,708), target_depth=2.0340 raw
2026-10-05 16:32:36.940 [T3] Person frame in FOLLOW: count=1, target_score=0.91, target_center=(701,356), target_box=(577,2,825,710), target_depth=1.7545 raw
2026-10-05 16:32:37.106 [T3] Person frame in FOLLOW: count=2, target_score=0.59, target_center=(671,352), target_box=(557,2,786,703), target_depth=2.0429 raw
2026-10-05 16:32:37.272 [T3] Person frame in FOLLOW: count=1, target_score=0.89, target_center=(726,355), target_box=(590,1,862,710), target_depth=1.5370 raw
2026-10-05 16:32:37.437 [T3] Person frame in FOLLOW: count=1, target_score=0.91, target_center=(784,357), target_box=(607,2,961,712), target_depth=2.3187 raw
2026-10-05 16:32:37.604 [T3] Person frame in FOLLOW: count=1, target_score=0.89, target_center=(818,358), target_box=(624,2,1012,714), target_depth=1.9667 raw
2026-10-05 16:32:37.774 [T3] Person frame in FOLLOW: count=1, target_score=0.74, target_center=(922,358), target_box=(762,6,1083,711), target_depth=1.9596 raw
2026-10-05 16:32:37.776 [T4] throttle=1.00 steer=0.44 -> L=1.00 R=0.16
2026-10-05 16:32:37.943 [T3] Person frame in FOLLOW: count=1, target_score=0.91, target_center=(1067,355), target_box=(910,2,1224,708), target_depth=1.8535 raw
2026-10-05 16:32:38.109 [T3] Person frame in FOLLOW: count=1, target_score=0.89, target_center=(1119,356), target_box=(961,3,1278,710), target_depth=2.0393 raw
2026-10-05 16:32:38.274 [T3] Person frame in FOLLOW: count=1, target_score=0.92, target_center=(1107,356), target_box=(938,2,1277,710), target_depth=1.8360 raw
2026-10-05 16:32:38.442 [T3] Person frame in FOLLOW: count=3, target_score=0.68, target_center=(1115,357), target_box=(952,3,1278,711), target_depth=1.6520 raw
2026-10-05 16:32:38.605 [T3] Person frame in FOLLOW: count=1, target_score=0.72, target_center=(1179,215), target_box=(1081,1,1278,430), target_depth=1.2099 raw
2026-10-05 16:32:38.771 [T3] Person frame in FOLLOW: count=1, target_score=0.94, target_center=(1170,353), target_box=(1063,3,1278,704), target_depth=2.2924 raw
2026-10-05 16:32:38.937 [T3] Person frame in FOLLOW: count=2, target_score=0.67, target_center=(1141,357), target_box=(1004,4,1278,711), target_depth=1.4309 raw
2026-10-05 16:32:38.937 [T4] throttle=1.00 steer=0.78 -> L=1.00 R=-0.18
2026-10-05 16:32:39.101 [T3] Person frame in FOLLOW: count=0
2026-10-05 16:32:39.102 [T4] throttle=0.00 steer=0.00 -> L=0.00 R=0.00
2026-10-05 16:32:39.268 [T3] Person frame in FOLLOW: count=1, target_score=0.85, target_center=(900,357), target_box=(728,4,1072,711), target_depth=1.9720 raw
2026-10-05 16:32:39.269 [T4] throttle=1.00 steer=0.41 -> L=1.00 R=0.19
2026-10-05 16:32:39.435 [T3] Person frame in FOLLOW: count=1, target_score=0.89, target_center=(890,358), target_box=(719,4,1062,712), target_depth=1.7104 raw
2026-10-05 16:32:39.602 [T3] Person frame in FOLLOW: count=1, target_score=0.86, target_center=(913,356), target_box=(714,4,1112,709), target_depth=1.7933 raw
2026-10-05 16:32:39.776 [T3] Person frame in FOLLOW: count=1, target_score=0.92, target_center=(988,356), target_box=(821,5,1155,708), target_depth=1.6271 raw
2026-10-05 16:32:39.945 [T3] Person frame in FOLLOW: count=1, target_score=0.90, target_center=(1051,355), target_box=(862,3,1241,708), target_depth=1.7951 raw
2026-10-05 16:32:40.110 [T3] Person frame in FOLLOW: count=1, target_score=0.93, target_center=(1076,355), target_box=(873,2,1279,708), target_depth=1.7332 raw
2026-10-05 16:32:40.285 [T3] Person frame in FOLLOW: count=1, target_score=0.90, target_center=(1054,356), target_box=(831,2,1278,711), target_depth=1.4751 raw
2026-10-05 16:32:40.288 [T4] throttle=1.00 steer=0.65 -> L=1.00 R=-0.05
2026-10-05 16:32:40.449 [T3] Person frame in FOLLOW: count=1, target_score=0.88, target_center=(1118,357), target_box=(959,6,1278,709), target_depth=1.9457 raw
2026-10-05 16:32:40.622 [T3] Person frame in FOLLOW: count=1, target_score=0.91, target_center=(1065,358), target_box=(882,6,1248,710), target_depth=1.4609 raw
2026-10-05 16:32:40.788 [T3] Person frame in FOLLOW: count=1, target_score=0.92, target_center=(959,356), target_box=(785,3,1134,710), target_depth=1.7228 raw
2026-10-05 16:32:40.957 [T3] Person frame in FOLLOW: count=1, target_score=0.85, target_center=(806,356), target_box=(642,3,971,709), target_depth=1.6007 raw
2026-10-05 16:32:41.125 [T3] Person frame in FOLLOW: count=1, target_score=0.89, target_center=(805,354), target_box=(612,1,998,707), target_depth=2.2461 raw
2026-10-05 16:32:41.293 [T3] Person frame in FOLLOW: count=1, target_score=0.93, target_center=(817,356), target_box=(613,4,1022,709), target_depth=1.8254 raw
2026-10-05 16:32:41.298 [T4] throttle=1.00 steer=0.28 -> L=0.88 R=0.32
2026-10-05 16:32:41.469 [T3] Person frame in FOLLOW: count=1, target_score=0.89, target_center=(842,356), target_box=(628,3,1056,710), target_depth=2.2390 raw
2026-10-05 16:32:41.641 [T3] Person frame in FOLLOW: count=1, target_score=0.84, target_center=(957,355), target_box=(638,3,1276,707), target_depth=1.5050 raw
2026-10-05 16:32:41.805 [T3] Person frame in FOLLOW: count=1, target_score=0.88, target_center=(1005,355), target_box=(735,2,1275,709), target_depth=1.9596 raw
2026-10-05 16:32:41.987 [T3] Person frame in FOLLOW: count=1, target_score=0.92, target_center=(1093,355), target_box=(909,3,1278,708), target_depth=2.1774 raw
2026-10-05 16:32:42.152 [T3] Person frame in FOLLOW: count=1, target_score=0.91, target_center=(1125,355), target_box=(974,4,1277,706), target_depth=1.3263 raw
2026-10-05 16:32:42.321 [T3] Person frame in FOLLOW: count=1, target_score=0.90, target_center=(1165,355), target_box=(1053,4,1277,707), target_depth=2.2710 raw
2026-10-05 16:32:42.321 [T4] throttle=0.87 steer=0.82 -> L=1.00 R=-0.30
2026-10-05 16:32:42.490 [T3] Person frame in FOLLOW: count=1, target_score=0.72, target_center=(1167,356), target_box=(1055,5,1280,707), target_depth=1.2754 raw
2026-10-05 16:32:42.666 [T3] Person frame in FOLLOW: count=1, target_score=0.80, target_center=(1116,356), target_box=(955,4,1278,708), target_depth=1.4520 raw
2026-10-05 16:32:42.829 [T3] Person frame in FOLLOW: count=1, target_score=0.84, target_center=(918,355), target_box=(704,4,1132,706), target_depth=1.4804 raw
2026-10-05 16:32:43.004 [T3] Person frame in FOLLOW: count=1, target_score=0.57, target_center=(691,200), target_box=(534,2,849,398), target_depth=1.2291 raw
2026-10-05 16:32:43.171 [T3] Person frame in FOLLOW: count=1, target_score=0.71, target_center=(536,356), target_box=(325,2,748,711), target_depth=1.5513 raw
2026-10-05 16:32:43.338 [T3] Person frame in FOLLOW: count=1, target_score=0.89, target_center=(540,356), target_box=(323,3,757,710), target_depth=1.4449 raw
2026-10-05 16:32:43.338 [T4] throttle=1.00 steer=-0.16 -> L=0.44 R=0.76
2026-10-05 16:32:43.508 [T3] Person frame in FOLLOW: count=1, target_score=0.91, target_center=(719,354), target_box=(540,3,898,706), target_depth=1.5563 raw
2026-10-05 16:32:43.678 [T3] Person frame in FOLLOW: count=1, target_score=0.89, target_center=(819,355), target_box=(628,3,1010,707), target_depth=1.7157 raw
2026-10-05 16:32:43.843 [T3] Person frame in FOLLOW: count=1, target_score=0.67, target_center=(865,352), target_box=(676,2,1054,702), target_depth=1.8058 raw
2026-10-05 16:32:44.017 [T3] Person frame in FOLLOW: count=1, target_score=0.88, target_center=(944,355), target_box=(773,4,1115,706), target_depth=2.0535 raw
2026-10-05 16:32:44.188 [T3] Person frame in FOLLOW: count=1, target_score=0.90, target_center=(1051,355), target_box=(848,3,1255,707), target_depth=1.6484 raw
2026-10-05 16:32:44.350 [T3] Person frame in FOLLOW: count=1, target_score=0.94, target_center=(1071,356), target_box=(864,3,1279,709), target_depth=1.1391 raw
2026-10-05 16:32:44.351 [T4] throttle=1.00 steer=0.67 -> L=1.00 R=-0.07
2026-10-05 16:32:44.525 [T3] Person frame in FOLLOW: count=1, target_score=0.92, target_center=(1107,354), target_box=(935,2,1280,707), target_depth=2.0215 raw
2026-10-05 16:32:44.693 [T3] Person frame in FOLLOW: count=1, target_score=0.43, target_center=(1110,357), target_box=(943,5,1278,710), target_depth=1.6695 raw
2026-10-05 16:32:44.864 [T3] Person frame in FOLLOW: count=1, target_score=0.77, target_center=(1124,357), target_box=(971,4,1278,710), target_depth=1.6253 raw
2026-10-05 16:32:45.037 [T3] Person frame in FOLLOW: count=1, target_score=0.53, target_center=(1115,357), target_box=(953,8,1278,707), target_depth=1.5901 raw
2026-10-05 16:32:45.202 [T3] Person frame in FOLLOW: count=1, target_score=0.89, target_center=(1107,355), target_box=(936,3,1278,707), target_depth=1.7545 raw
2026-10-05 16:32:45.368 [T3] Person frame in FOLLOW: count=2, target_score=0.90, target_center=(1032,355), target_box=(862,3,1202,708), target_depth=2.0500 raw
2026-10-05 16:32:45.536 [T3] Person frame in FOLLOW: count=1, target_score=0.72, target_center=(897,355), target_box=(713,3,1081,708), target_depth=1.6962 raw
2026-10-05 16:32:45.536 [T4] throttle=1.00 steer=0.40 -> L=1.00 R=0.20
2026-10-05 16:32:45.707 [T3] Person frame in FOLLOW: count=2, target_score=0.89, target_center=(872,356), target_box=(702,3,1042,710), target_depth=1.3708 raw
2026-10-05 16:32:45.882 [T3] Person frame in FOLLOW: count=1, target_score=0.93, target_center=(885,356), target_box=(694,3,1077,710), target_depth=1.8553 raw
2026-10-05 16:32:46.046 [T3] Person frame in FOLLOW: count=1, target_score=0.92, target_center=(810,355), target_box=(607,2,1013,708), target_depth=1.5228 raw
2026-10-05 16:32:46.220 [T3] Person frame in FOLLOW: count=1, target_score=0.89, target_center=(780,356), target_box=(543,3,1018,710), target_depth=1.9261 raw
2026-10-05 16:32:46.401 [T3] Person frame in FOLLOW: count=1, target_score=0.89, target_center=(955,356), target_box=(771,2,1139,710), target_depth=1.6342 raw
2026-10-05 16:32:46.570 [T3] Person frame in FOLLOW: count=1, target_score=0.88, target_center=(1052,355), target_box=(826,3,1278,708), target_depth=1.4221 raw
2026-10-05 16:32:46.570 [T4] throttle=1.00 steer=0.64 -> L=1.00 R=-0.04
2026-10-05 16:32:46.739 [T3] Person frame in FOLLOW: count=1, target_score=0.86, target_center=(1076,352), target_box=(874,2,1278,703), target_depth=1.4698 raw
2026-10-05 16:32:46.908 [T3] Person frame in FOLLOW: count=2, target_score=0.90, target_center=(1104,354), target_box=(929,2,1279,707), target_depth=1.6200 raw
2026-10-05 16:32:47.082 [T3] Person frame in FOLLOW: count=2, target_score=0.64, target_center=(1109,353), target_box=(940,5,1278,702), target_depth=1.5264 raw
2026-10-05 16:32:47.254 [T3] Person frame in FOLLOW: count=1, target_score=0.75, target_center=(1077,353), target_box=(876,5,1279,701), target_depth=2.0197 raw
2026-10-05 16:32:47.425 [T3] Person frame in FOLLOW: count=1, target_score=0.76, target_center=(936,356), target_box=(719,4,1153,709), target_depth=1.8731 raw
2026-10-05 16:32:47.592 [T3] Person frame in FOLLOW: count=1, target_score=0.93, target_center=(676,356), target_box=(459,3,894,709), target_depth=1.4787 raw
2026-10-05 16:32:47.592 [T4] throttle=1.00 steer=0.06 -> L=0.66 R=0.54
2026-10-05 16:32:47.766 [T3] Person frame in FOLLOW: count=1, target_score=0.94, target_center=(558,357), target_box=(368,3,749,712), target_depth=1.7193 raw
2026-10-05 16:32:47.936 [T3] Person frame in FOLLOW: count=1, target_score=0.90, target_center=(459,357), target_box=(306,2,613,712), target_depth=1.5918 raw
2026-10-05 16:32:48.103 [T3] Person frame in FOLLOW: count=1, target_score=0.88, target_center=(429,356), target_box=(278,2,581,710), target_depth=2.3134 raw
2026-10-05 16:32:48.287 [T3] Person frame in FOLLOW: count=1, target_score=0.91, target_center=(456,357), target_box=(295,3,617,711), target_depth=2.4672 raw
2026-10-05 16:32:48.445 [T3] Person frame in FOLLOW: count=1, target_score=0.95, target_center=(479,356), target_box=(305,2,654,711), target_depth=1.6150 raw
2026-10-05 16:32:48.617 [T3] Person frame in FOLLOW: count=1, target_score=0.96, target_center=(505,356), target_box=(295,2,716,710), target_depth=1.3989 raw
2026-10-05 16:32:48.618 [T4] throttle=1.00 steer=-0.21 -> L=0.39 R=0.81
2026-10-05 16:32:48.793 [T3] Person frame in FOLLOW: count=1, target_score=0.97, target_center=(566,356), target_box=(350,3,782,709), target_depth=1.0099 raw
2026-10-05 16:32:48.958 [T3] Person frame in FOLLOW: count=1, target_score=0.96, target_center=(615,356), target_box=(430,2,801,711), target_depth=1.4185 raw
2026-10-05 16:32:49.132 [T3] Person frame in FOLLOW: count=1, target_score=0.96, target_center=(627,356), target_box=(465,2,789,711), target_depth=1.7791 raw
2026-10-05 16:32:49.313 [T3] Person frame in FOLLOW: count=1, target_score=0.96, target_center=(631,356), target_box=(479,2,784,710), target_depth=1.2665 raw
2026-10-05 16:32:49.487 [T3] Person frame in FOLLOW: count=1, target_score=0.95, target_center=(612,356), target_box=(460,2,764,710), target_depth=1.1462 raw
2026-10-05 16:32:49.652 [T3] Person frame in FOLLOW: count=1, target_score=0.94, target_center=(588,358), target_box=(417,6,760,710), target_depth=1.8378 raw
2026-10-05 16:32:49.653 [T4] throttle=1.00 steer=-0.08 -> L=0.52 R=0.68
2026-10-05 16:32:49.818 [T3] Person frame in FOLLOW: count=1, target_score=0.96, target_center=(579,356), target_box=(408,3,750,710), target_depth=1.3918 raw
2026-10-05 16:32:49.982 [T3] Person frame in FOLLOW: count=1, target_score=0.93, target_center=(537,355), target_box=(389,2,686,709), target_depth=1.5424 raw
2026-10-05 16:32:50.158 [T3] Person frame in FOLLOW: count=1, target_score=0.94, target_center=(553,355), target_box=(414,2,692,708), target_depth=1.4982 raw
2026-10-05 16:32:50.328 [T3] Person frame in FOLLOW: count=1, target_score=0.93, target_center=(560,355), target_box=(416,1,705,710), target_depth=1.3868 raw
2026-10-05 16:32:50.494 [T3] Person frame in FOLLOW: count=1, target_score=0.93, target_center=(576,356), target_box=(423,1,730,711), target_depth=1.9012 raw
2026-10-05 16:32:50.661 [T3] Person frame in FOLLOW: count=1, target_score=0.90, target_center=(618,355), target_box=(480,1,757,710), target_depth=1.8076 raw
2026-10-05 16:32:50.833 [T3] Person frame in FOLLOW: count=1, target_score=0.88, target_center=(582,356), target_box=(439,2,726,710), target_depth=1.7791 raw
2026-10-05 16:32:51.000 [T3] Person frame in FOLLOW: count=1, target_score=0.93, target_center=(578,356), target_box=(445,2,711,710), target_depth=2.1614 raw
2026-10-05 16:32:51.169 [T3] Person frame in FOLLOW: count=1, target_score=0.91, target_center=(525,354), target_box=(357,0,693,708), target_depth=2.0055 raw
2026-10-05 16:32:51.338 [T3] Person frame in FOLLOW: count=1, target_score=0.95, target_center=(507,357), target_box=(329,4,686,710), target_depth=1.5812 raw
2026-10-05 16:32:51.339 [T4] throttle=1.00 steer=-0.21 -> L=0.39 R=0.81
2026-10-05 16:32:51.516 [T3] Person frame in FOLLOW: count=1, target_score=0.90, target_center=(521,356), target_box=(357,3,685,710), target_depth=2.4725 raw
2026-10-05 16:32:51.680 [T3] Person frame in FOLLOW: count=1, target_score=0.78, target_center=(549,365), target_box=(402,18,696,712), target_depth=1.4733 raw
2026-10-05 16:32:51.856 [T3] Person frame in FOLLOW: count=1, target_score=0.79, target_center=(578,357), target_box=(436,4,721,710), target_depth=1.5758 raw
2026-10-05 16:32:52.026 [T3] Person frame in FOLLOW: count=1, target_score=0.95, target_center=(599,359), target_box=(460,4,739,715), target_depth=1.6307 raw
2026-10-05 16:32:52.194 [T3] Person frame in FOLLOW: count=1, target_score=0.91, target_center=(582,357), target_box=(439,1,725,713), target_depth=1.5758 raw
2026-10-05 16:32:52.372 [T3] Person frame in FOLLOW: count=1, target_score=0.93, target_center=(590,355), target_box=(446,0,734,711), target_depth=1.8819 raw
2026-10-05 16:32:52.372 [T4] throttle=1.00 steer=-0.08 -> L=0.52 R=0.68
2026-10-05 16:32:52.538 [T3] Person frame in FOLLOW: count=1, target_score=0.94, target_center=(575,355), target_box=(435,0,716,710), target_depth=2.0144 raw
2026-10-05 16:32:52.720 [T3] Person frame in FOLLOW: count=1, target_score=0.90, target_center=(560,355), target_box=(434,2,687,709), target_depth=1.7898 raw
2026-10-05 16:32:52.888 [T3] Person frame in FOLLOW: count=1, target_score=0.93, target_center=(563,357), target_box=(441,2,686,712), target_depth=1.7282 raw
2026-10-05 16:32:53.064 [T3] Person frame in FOLLOW: count=1, target_score=0.75, target_center=(570,356), target_box=(438,3,702,709), target_depth=1.3601 raw
2026-10-05 16:32:53.233 [T3] Person frame in FOLLOW: count=1, target_score=0.78, target_center=(574,357), target_box=(433,2,715,713), target_depth=1.3548 raw
2026-10-05 16:32:53.402 [T3] Person frame in FOLLOW: count=1, target_score=0.92, target_center=(609,356), target_box=(477,2,742,710), target_depth=1.8802 raw
2026-10-05 16:32:53.567 [T3] Person frame in FOLLOW: count=1, target_score=0.91, target_center=(660,357), target_box=(512,1,809,713), target_depth=2.4461 raw
2026-10-05 16:32:53.570 [T4] throttle=0.66 steer=0.03 -> L=0.43 R=0.37
2026-10-05 16:32:53.739 [T3] Person frame in FOLLOW: count=1, target_score=0.91, target_center=(727,354), target_box=(569,1,885,708), target_depth=2.0144 raw
2026-10-05 16:32:53.908 [T3] Person frame in FOLLOW: count=1, target_score=0.95, target_center=(748,355), target_box=(588,2,909,708), target_depth=3.0492 raw
2026-10-05 16:32:54.077 [T3] Person frame in FOLLOW: count=0
2026-10-05 16:32:54.079 [T4] throttle=0.00 steer=0.00 -> L=0.00 R=0.00
2026-10-05 16:32:54.246 [T3] Person frame in FOLLOW: count=0
2026-10-05 16:32:54.247 [T3] Person no longer detected in FOLLOW
2026-10-05 16:32:54.429 [T3] Person frame in FOLLOW: count=1, target_score=0.93, target_center=(753,354), target_box=(607,1,900,708), target_depth=2.4141 raw
2026-10-05 16:32:54.429 [T3] Person detected in FOLLOW: 1 person(s), score=0.93, center=(753,354), depth=2.414 raw
2026-10-05 16:32:54.429 [T4] throttle=0.70 steer=0.18 -> L=0.60 R=0.24
2026-10-05 16:32:54.603 [T3] Person frame in FOLLOW: count=1, target_score=0.94, target_center=(790,355), target_box=(652,0,928,711), target_depth=1.6413 raw
2026-10-05 16:32:54.769 [T3] Person frame in FOLLOW: count=1, target_score=0.92, target_center=(769,355), target_box=(642,1,897,709), target_depth=1.7228 raw
2026-10-05 16:32:54.934 [T3] Person frame in FOLLOW: count=1, target_score=0.85, target_center=(787,356), target_box=(657,0,917,712), target_depth=2.4038 raw
2026-10-05 16:32:55.104 [T3] Person frame in FOLLOW: count=2, target_score=0.55, target_center=(788,355), target_box=(661,0,915,710), target_depth=2.1738 raw
2026-10-05 16:32:55.271 [T3] Person frame in FOLLOW: count=1, target_score=0.90, target_center=(809,356), target_box=(684,2,935,711), target_depth=1.3815 raw
2026-10-05 16:32:55.437 [T3] Person frame in FOLLOW: count=1, target_score=0.90, target_center=(799,356), target_box=(663,1,935,712), target_depth=1.4078 raw
2026-10-05 16:32:55.440 [T4] throttle=1.00 steer=0.25 -> L=0.85 R=0.35
2026-10-05 16:32:55.606 [T3] Person frame in FOLLOW: count=1, target_score=0.93, target_center=(818,356), target_box=(679,2,957,710), target_depth=1.3637 raw
2026-10-05 16:32:55.777 [T3] Person frame in FOLLOW: count=1, target_score=0.88, target_center=(838,357), target_box=(708,1,969,714), target_depth=2.1240 raw
2026-10-05 16:32:55.947 [T3] Person frame in FOLLOW: count=1, target_score=0.82, target_center=(861,356), target_box=(713,1,1010,711), target_depth=2.1400 raw
2026-10-05 16:32:56.111 [T3] Person frame in FOLLOW: count=1, target_score=0.89, target_center=(878,356), target_box=(723,0,1034,713), target_depth=2.0781 raw
2026-10-05 16:32:56.275 [T3] Person frame in FOLLOW: count=1, target_score=0.82, target_center=(971,355), target_box=(827,2,1116,708), target_depth=1.6713 raw
2026-10-05 16:32:56.444 [T3] Person frame in FOLLOW: count=1, target_score=0.83, target_center=(990,355), target_box=(834,2,1146,708), target_depth=1.9827 raw
2026-10-05 16:32:56.446 [T4] throttle=1.00 steer=0.55 -> L=1.00 R=0.05
2026-10-05 16:32:56.609 [T3] Person frame in FOLLOW: count=1, target_score=0.89, target_center=(990,356), target_box=(831,2,1150,710), target_depth=1.7545 raw
2026-10-05 16:32:56.776 [T3] Person frame in FOLLOW: count=1, target_score=0.89, target_center=(1003,356), target_box=(859,3,1148,709), target_depth=1.8254 raw
2026-10-05 16:32:56.948 [T3] Person frame in FOLLOW: count=1, target_score=0.92, target_center=(1012,355), target_box=(875,2,1149,709), target_depth=1.3936 raw
2026-10-05 16:32:57.121 [T3] Person frame in FOLLOW: count=1, target_score=0.88, target_center=(981,356), target_box=(830,2,1133,710), target_depth=1.1355 raw
2026-10-05 16:32:57.289 [T3] Person frame in FOLLOW: count=1, target_score=0.92, target_center=(942,355), target_box=(766,2,1119,708), target_depth=1.1408 raw
2026-10-05 16:32:57.458 [T3] Person frame in FOLLOW: count=1, target_score=0.92, target_center=(920,356), target_box=(754,2,1086,710), target_depth=1.6324 raw
2026-10-05 16:32:57.458 [T4] throttle=1.00 steer=0.44 -> L=1.00 R=0.16
2026-10-05 16:32:57.628 [T3] Person frame in FOLLOW: count=1, target_score=0.91, target_center=(895,355), target_box=(712,2,1078,709), target_depth=1.6413 raw
2026-10-05 16:32:57.793 [T3] Person frame in FOLLOW: count=1, target_score=0.90, target_center=(895,355), target_box=(726,1,1064,709), target_depth=1.0045 raw
2026-10-05 16:32:57.961 [T3] Person frame in FOLLOW: count=1, target_score=0.91, target_center=(936,355), target_box=(720,2,1153,709), target_depth=1.7104 raw
2026-10-05 16:32:58.133 [T3] Person frame in FOLLOW: count=1, target_score=0.94, target_center=(977,357), target_box=(758,4,1196,711), target_depth=1.5883 raw
2026-10-05 16:32:58.302 [T3] Person frame in FOLLOW: count=1, target_score=0.96, target_center=(1033,355), target_box=(821,3,1246,707), target_depth=1.9439 raw
2026-10-05 16:32:58.469 [T3] Person frame in FOLLOW: count=1, target_score=0.95, target_center=(961,356), target_box=(773,3,1149,710), target_depth=1.4627 raw
2026-10-05 16:32:58.643 [T3] Person frame in FOLLOW: count=1, target_score=0.94, target_center=(932,355), target_box=(758,3,1107,708), target_depth=1.0967 raw
2026-10-05 16:32:58.827 [T3] Person frame in FOLLOW: count=1, target_score=0.93, target_center=(963,356), target_box=(778,3,1149,710), target_depth=1.4309 raw
2026-10-05 16:32:58.993 [T3] Person frame in FOLLOW: count=1, target_score=0.91, target_center=(990,356), target_box=(807,2,1173,710), target_depth=1.1035 raw
2026-10-05 16:32:58.994 [T4] throttle=1.00 steer=0.55 -> L=1.00 R=0.05
2026-10-05 16:32:59.159 [T3] Person frame in FOLLOW: count=1, target_score=0.91, target_center=(999,356), target_box=(803,3,1196,709), target_depth=2.0517 raw
2026-10-05 16:32:59.325 [T3] Person frame in FOLLOW: count=1, target_score=0.89, target_center=(1051,355), target_box=(837,1,1265,710), target_depth=1.7951 raw
2026-10-05 16:32:59.497 [T3] Person frame in FOLLOW: count=1, target_score=0.93, target_center=(1103,356), target_box=(929,3,1278,709), target_depth=2.0517 raw
2026-10-05 16:32:59.667 [T3] Person frame in FOLLOW: count=1, target_score=0.95, target_center=(1085,357), target_box=(893,3,1277,712), target_depth=1.6591 raw
2026-10-05 16:32:59.840 [T3] Person frame in FOLLOW: count=1, target_score=0.96, target_center=(928,354), target_box=(731,3,1125,705), target_depth=2.1560 raw
2026-10-05 16:33:00.010 [T3] Person frame in FOLLOW: count=1, target_score=0.83, target_center=(833,355), target_box=(649,4,1017,707), target_depth=1.9863 raw
2026-10-05 16:33:00.010 [T4] throttle=1.00 steer=0.30 -> L=0.90 R=0.30
2026-10-05 16:33:00.177 [T3] Person frame in FOLLOW: count=1, target_score=0.91, target_center=(708,355), target_box=(545,4,871,706), target_depth=1.8535 raw
2026-10-05 16:33:00.346 [T3] Person frame in FOLLOW: count=1, target_score=0.93, target_center=(703,355), target_box=(543,3,864,707), target_depth=2.2286 raw
2026-10-05 16:33:00.511 [T3] Person frame in FOLLOW: count=1, target_score=0.90, target_center=(767,353), target_box=(591,3,944,704), target_depth=1.4555 raw
2026-10-05 16:33:00.676 [T3] Person frame in FOLLOW: count=1, target_score=0.94, target_center=(782,356), target_box=(610,2,954,710), target_depth=2.4779 raw
2026-10-05 16:33:00.854 [T3] Person frame in FOLLOW: count=1, target_score=0.91, target_center=(847,355), target_box=(652,3,1042,708), target_depth=2.2621 raw
2026-10-05 16:33:01.038 [T3] Person frame in FOLLOW: count=1, target_score=0.91, target_center=(886,356), target_box=(692,3,1080,710), target_depth=0.9145 raw
2026-10-05 16:33:01.216 [T3] Person frame in FOLLOW: count=1, target_score=0.89, target_center=(975,354), target_box=(797,3,1153,705), target_depth=1.5388 raw
2026-10-05 16:33:01.217 [T4] throttle=1.00 steer=0.52 -> L=1.00 R=0.08
2026-10-05 16:33:01.375 [T3] Person frame in FOLLOW: count=1, target_score=0.85, target_center=(1055,356), target_box=(835,3,1276,709), target_depth=1.5459 raw
2026-10-05 16:33:01.541 [T3] Person frame in FOLLOW: count=1, target_score=0.93, target_center=(1059,355), target_box=(841,2,1278,709), target_depth=1.5210 raw
2026-10-05 16:33:01.708 [T3] Person frame in FOLLOW: count=1, target_score=0.94, target_center=(1068,355), target_box=(858,3,1279,708), target_depth=0.9444 raw
2026-10-05 16:33:01.878 [T3] Person frame in FOLLOW: count=1, target_score=0.95, target_center=(1056,356), target_box=(867,4,1246,709), target_depth=1.4363 raw
2026-10-05 16:33:02.054 [T3] Person frame in FOLLOW: count=1, target_score=0.92, target_center=(1000,353), target_box=(809,2,1192,705), target_depth=1.1160 raw
2026-10-05 16:33:02.222 [T3] Person frame in FOLLOW: count=1, target_score=0.73, target_center=(923,355), target_box=(738,2,1109,709), target_depth=1.8218 raw
2026-10-05 16:33:02.400 [T3] Person frame in FOLLOW: count=1, target_score=0.91, target_center=(969,356), target_box=(787,3,1152,709), target_depth=1.7246 raw
2026-10-05 16:33:02.568 [T3] Person frame in FOLLOW: count=1, target_score=0.90, target_center=(931,356), target_box=(738,2,1125,711), target_depth=1.4520 raw
2026-10-05 16:33:02.750 [T3] Person frame in FOLLOW: count=1, target_score=0.94, target_center=(993,356), target_box=(805,3,1182,710), target_depth=1.2718 raw
2026-10-05 16:33:02.914 [T3] Person frame in FOLLOW: count=1, target_score=0.96, target_center=(1018,355), target_box=(818,2,1218,709), target_depth=1.0099 raw
2026-10-05 16:33:03.079 [T3] Person frame in FOLLOW: count=1, target_score=0.95, target_center=(1027,355), target_box=(838,2,1217,709), target_depth=3.0015 raw
2026-10-05 16:33:03.079 [T4] throttle=-0.00 steer=0.61 -> L=0.60 R=-0.61
2026-10-05 16:33:03.244 [T3] Person frame in FOLLOW: count=1, target_score=0.94, target_center=(1049,356), target_box=(882,3,1216,709), target_depth=1.6944 raw
2026-10-05 16:33:03.415 [T3] Person frame in FOLLOW: count=1, target_score=0.96, target_center=(986,355), target_box=(811,3,1162,707), target_depth=1.5068 raw
2026-10-05 16:33:03.584 [T3] Person frame in FOLLOW: count=1, target_score=0.94, target_center=(785,356), target_box=(620,3,950,709), target_depth=1.4413 raw
2026-10-05 16:33:03.753 [T3] Person frame in FOLLOW: count=1, target_score=0.91, target_center=(626,356), target_box=(459,2,794,710), target_depth=1.6236 raw
2026-10-05 16:33:03.925 [T3] Person frame in FOLLOW: count=1, target_score=0.91, target_center=(607,356), target_box=(436,1,778,711), target_depth=2.6124 raw
2026-10-05 16:33:04.090 [T3] Person frame in FOLLOW: count=1, target_score=0.91, target_center=(713,356), target_box=(576,2,851,710), target_depth=2.8634 raw
2026-10-05 16:33:04.091 [T4] throttle=0.16 steer=0.11 -> L=0.21 R=-0.02
2026-10-05 16:33:04.255 [T3] Person frame in FOLLOW: count=1, target_score=0.93, target_center=(778,355), target_box=(641,2,916,709), target_depth=1.1035 raw
2026-10-05 16:33:04.421 [T3] Person frame in FOLLOW: count=1, target_score=0.93, target_center=(788,355), target_box=(660,3,917,707), target_depth=1.5936 raw
2026-10-05 16:33:04.592 [T3] Person frame in FOLLOW: count=1, target_score=0.94, target_center=(830,354), target_box=(698,1,962,707), target_depth=0.8753 raw
2026-10-05 16:33:04.767 [T3] Person frame in FOLLOW: count=1, target_score=0.93, target_center=(866,354), target_box=(730,3,1002,706), target_depth=1.3797 raw
2026-10-05 16:33:04.932 [T3] Person frame in FOLLOW: count=1, target_score=0.95, target_center=(891,355), target_box=(753,1,1029,709), target_depth=1.0576 raw
2026-10-05 16:33:05.101 [T3] Person frame in FOLLOW: count=1, target_score=0.93, target_center=(914,355), target_box=(778,2,1050,709), target_depth=1.4132 raw
2026-10-05 16:33:05.102 [T4] throttle=1.00 steer=0.43 -> L=1.00 R=0.17
2026-10-05 16:33:05.268 [T3] Person frame in FOLLOW: count=1, target_score=0.93, target_center=(911,355), target_box=(749,1,1073,710), target_depth=2.6814 raw
2026-10-05 16:33:05.431 [T3] Person frame in FOLLOW: count=1, target_score=0.93, target_center=(928,355), target_box=(723,1,1134,710), target_depth=0.8454 raw
2026-10-05 16:33:05.598 [T3] Person frame in FOLLOW: count=1, target_score=0.90, target_center=(996,356), target_box=(838,2,1154,710), target_depth=1.2434 raw
2026-10-05 16:33:05.769 [T3] Person frame in FOLLOW: count=1, target_score=0.93, target_center=(1023,354), target_box=(883,2,1164,707), target_depth=1.0647 raw
2026-10-05 16:33:05.940 [T3] Person frame in FOLLOW: count=1, target_score=0.91, target_center=(967,355), target_box=(838,2,1097,708), target_depth=2.2337 raw
2026-10-05 16:33:06.115 [T3] Person frame in FOLLOW: count=1, target_score=0.92, target_center=(974,355), target_box=(847,2,1102,708), target_depth=1.9720 raw
2026-10-05 16:33:06.281 [T3] Person frame in FOLLOW: count=1, target_score=0.92, target_center=(1009,354), target_box=(856,1,1162,708), target_depth=1.4061 raw
2026-10-05 16:33:06.281 [T4] throttle=1.00 steer=0.58 -> L=1.00 R=0.02
2026-10-05 16:33:06.448 [T3] Person frame in FOLLOW: count=1, target_score=0.96, target_center=(1011,354), target_box=(871,1,1152,708), target_depth=2.3223 raw
2026-10-05 16:33:06.627 [T3] Person frame in FOLLOW: count=1, target_score=0.94, target_center=(1080,355), target_box=(910,1,1250,709), target_depth=2.0375 raw
2026-10-05 16:33:06.793 [T3] Person frame in FOLLOW: count=1, target_score=0.91, target_center=(1078,355), target_box=(920,2,1237,709), target_depth=2.2799 raw
2026-10-05 16:33:06.962 [T3] Person frame in FOLLOW: count=1, target_score=0.91, target_center=(1120,356), target_box=(962,2,1278,711), target_depth=1.0842 raw
2026-10-05 16:33:07.130 [T3] Person frame in FOLLOW: count=1, target_score=0.94, target_center=(1108,355), target_box=(959,2,1257,709), target_depth=2.0799 raw
2026-10-05 16:33:07.299 [T3] Person frame in FOLLOW: count=1, target_score=0.94, target_center=(1030,355), target_box=(886,2,1174,708), target_depth=1.5210 raw
2026-10-05 16:33:07.471 [T3] Person frame in FOLLOW: count=1, target_score=0.91, target_center=(778,354), target_box=(640,2,916,707), target_depth=1.2857 raw
2026-10-05 16:33:07.473 [T4] throttle=1.00 steer=0.22 -> L=0.82 R=0.38
2026-10-05 16:33:07.639 [T3] Person frame in FOLLOW: count=1, target_score=0.90, target_center=(568,353), target_box=(417,0,719,707), target_depth=1.7545 raw
2026-10-05 16:33:07.812 [T3] Person frame in FOLLOW: count=1, target_score=0.91, target_center=(445,355), target_box=(315,1,576,710), target_depth=1.6784 raw
2026-10-05 16:33:07.980 [T3] Person frame in FOLLOW: count=1, target_score=0.92, target_center=(479,355), target_box=(330,0,629,710), target_depth=1.8093 raw
2026-10-05 16:33:08.154 [T3] Person frame in FOLLOW: count=2, target_score=0.61, target_center=(545,253), target_box=(400,1,690,505), target_depth=1.5495 raw
2026-10-05 16:33:08.323 [T3] Person frame in FOLLOW: count=1, target_score=0.95, target_center=(616,353), target_box=(483,1,750,706), target_depth=1.3370 raw
2026-10-05 16:33:08.498 [T3] Person frame in FOLLOW: count=1, target_score=0.92, target_center=(681,355), target_box=(548,2,814,708), target_depth=1.0522 raw
2026-10-05 16:33:08.498 [T4] throttle=1.00 steer=0.06 -> L=0.66 R=0.54
2026-10-05 16:33:08.670 [T3] Person frame in FOLLOW: count=1, target_score=0.96, target_center=(708,354), target_box=(560,3,856,706), target_depth=1.6713 raw
2026-10-05 16:33:08.837 [T3] Person frame in FOLLOW: count=1, target_score=0.94, target_center=(726,355), target_box=(562,3,890,708), target_depth=1.3815 raw
2026-10-05 16:33:09.010 [T3] Person frame in FOLLOW: count=1, target_score=0.95, target_center=(759,356), target_box=(566,2,953,710), target_depth=1.1071 raw
2026-10-05 16:33:09.178 [T3] Person frame in FOLLOW: count=1, target_score=0.95, target_center=(634,355), target_box=(428,2,841,708), target_depth=1.4822 raw
2026-10-05 16:33:09.342 [T3] Person frame in FOLLOW: count=1, target_score=0.96, target_center=(691,355), target_box=(510,2,873,709), target_depth=1.5616 raw
2026-10-05 16:33:09.522 [T3] Person frame in FOLLOW: count=1, target_score=0.96, target_center=(745,355), target_box=(563,1,927,709), target_depth=1.9243 raw
2026-10-05 16:33:09.522 [T4] throttle=1.00 steer=0.16 -> L=0.76 R=0.44
2026-10-05 16:33:09.691 [T3] Person frame in FOLLOW: count=1, target_score=0.93, target_center=(768,355), target_box=(572,3,965,708), target_depth=1.7634 raw
2026-10-05 16:33:09.868 [T3] Person frame in FOLLOW: count=1, target_score=0.94, target_center=(805,356), target_box=(600,2,1010,710), target_depth=1.5121 raw
2026-10-05 16:33:10.035 [T3] Person frame in FOLLOW: count=1, target_score=0.96, target_center=(948,355), target_box=(757,3,1139,708), target_depth=1.0807 raw
2026-10-05 16:33:10.199 [T3] Person frame in FOLLOW: count=1, target_score=0.95, target_center=(953,356), target_box=(758,3,1149,710), target_depth=1.9119 raw
2026-10-05 16:33:10.367 [T3] Person frame in FOLLOW: count=1, target_score=0.96, target_center=(944,355), target_box=(750,3,1139,708), target_depth=1.4609 raw
2026-10-05 16:33:10.539 [T3] Person frame in FOLLOW: count=1, target_score=0.95, target_center=(964,355), target_box=(758,2,1170,708), target_depth=1.5192 raw
2026-10-05 16:33:10.539 [T4] throttle=1.00 steer=0.51 -> L=1.00 R=0.09
2026-10-05 16:33:10.703 [T3] Person frame in FOLLOW: count=1, target_score=0.96, target_center=(963,355), target_box=(762,2,1164,708), target_depth=1.1071 raw
2026-10-05 16:33:10.867 [T3] Person frame in FOLLOW: count=1, target_score=0.94, target_center=(930,355), target_box=(737,2,1123,708), target_depth=2.1240 raw
2026-10-05 16:33:11.035 [T3] Person frame in FOLLOW: count=1, target_score=0.97, target_center=(952,357), target_box=(755,3,1149,711), target_depth=1.5687 raw
2026-10-05 16:33:11.207 [T3] Person frame in FOLLOW: count=1, target_score=0.96, target_center=(991,356), target_box=(767,3,1216,709), target_depth=1.6837 raw
2026-10-05 16:33:11.378 [T3] Person frame in FOLLOW: count=1, target_score=0.96, target_center=(1053,356), target_box=(827,3,1279,710), target_depth=1.4238 raw
2026-10-05 16:33:11.549 [T3] Person frame in FOLLOW: count=1, target_score=0.93, target_center=(1085,357), target_box=(891,3,1280,711), target_depth=1.0312 raw
2026-10-05 16:33:11.550 [T4] throttle=1.00 steer=0.70 -> L=1.00 R=-0.10
2026-10-05 16:33:11.721 [T3] Person frame in FOLLOW: count=1, target_score=0.96, target_center=(1068,356), target_box=(860,3,1277,710), target_depth=1.2612 raw
2026-10-05 16:33:11.889 [T3] Person frame in FOLLOW: count=1, target_score=0.96, target_center=(1017,357), target_box=(818,3,1216,711), target_depth=1.2327 raw
2026-10-05 16:33:12.054 [T3] Person frame in FOLLOW: count=1, target_score=0.95, target_center=(838,356), target_box=(651,3,1026,710), target_depth=1.4591 raw
2026-10-05 16:33:12.221 [T3] Person frame in FOLLOW: count=1, target_score=0.91, target_center=(624,353), target_box=(436,2,813,705), target_depth=2.0429 raw
2026-10-05 16:33:12.390 [T3] Person frame in FOLLOW: count=1, target_score=0.96, target_center=(521,354), target_box=(347,3,696,706), target_depth=2.0286 raw
2026-10-05 16:33:12.557 [T3] Person frame in FOLLOW: count=1, target_score=0.94, target_center=(543,356), target_box=(351,2,735,710), target_depth=1.4520 raw
2026-10-05 16:33:12.557 [T4] throttle=1.00 steer=-0.15 -> L=0.45 R=0.75
2026-10-05 16:33:12.732 [T3] Person frame in FOLLOW: count=1, target_score=0.96, target_center=(557,356), target_box=(368,4,746,708), target_depth=1.4345 raw
2026-10-05 16:33:12.897 [T3] Person frame in FOLLOW: count=1, target_score=0.91, target_center=(556,354), target_box=(366,1,746,708), target_depth=1.7385 raw
2026-10-05 16:33:13.068 [T3] Person frame in FOLLOW: count=1, target_score=0.94, target_center=(635,356), target_box=(458,2,812,710), target_depth=1.0437 raw
2026-10-05 16:33:13.238 [T3] Person frame in FOLLOW: count=1, target_score=0.95, target_center=(630,356), target_box=(444,3,816,710), target_depth=1.6908 raw
2026-10-05 16:33:13.401 [T3] Person frame in FOLLOW: count=1, target_score=0.94, target_center=(626,356), target_box=(448,3,805,710), target_depth=1.6132 raw
2026-10-05 16:33:13.578 [T3] Person frame in FOLLOW: count=1, target_score=0.94, target_center=(570,355), target_box=(405,2,736,709), target_depth=1.3035 raw
2026-10-05 16:33:13.748 [T3] Person frame in FOLLOW: count=1, target_score=0.90, target_center=(542,357), target_box=(382,3,702,711), target_depth=1.7104 raw
2026-10-05 16:33:13.918 [T3] Person frame in FOLLOW: count=1, target_score=0.95, target_center=(488,355), target_box=(332,1,644,710), target_depth=1.4185 raw
2026-10-05 16:33:14.083 [T3] Person frame in FOLLOW: count=1, target_score=0.95, target_center=(432,357), target_box=(250,3,614,711), target_depth=2.1792 raw
2026-10-05 16:33:14.083 [T4] throttle=0.99 steer=-0.32 -> L=0.27 R=0.92
2026-10-05 16:33:14.259 [T3] Person frame in FOLLOW: count=1, target_score=0.94, target_center=(418,356), target_box=(234,2,602,710), target_depth=1.4573 raw
2026-10-05 16:33:14.426 [T3] Person frame in FOLLOW: count=1, target_score=0.94, target_center=(324,355), target_box=(151,2,498,708), target_depth=2.3170 raw
2026-10-05 16:33:14.600 [T3] Person frame in FOLLOW: count=1, target_score=0.88, target_center=(225,356), target_box=(50,3,401,709), target_depth=1.8855 raw
2026-10-05 16:33:14.771 [T3] Person frame in FOLLOW: count=1, target_score=0.89, target_center=(188,354), target_box=(0,2,376,707), target_depth=1.9880 raw
2026-10-05 16:33:14.941 [T3] Person frame in FOLLOW: count=1, target_score=0.91, target_center=(193,357), target_box=(1,4,385,711), target_depth=1.1533 raw
2026-10-05 16:33:15.110 [T3] Person frame in FOLLOW: count=1, target_score=0.89, target_center=(166,355), target_box=(6,1,327,710), target_depth=1.8236 raw
2026-10-05 16:33:15.111 [T4] throttle=1.00 steer=-0.74 -> L=-0.14 R=1.00
2026-10-05 16:33:15.283 [T3] Person frame in FOLLOW: count=1, target_score=0.93, target_center=(146,355), target_box=(1,3,292,707), target_depth=1.7599 raw
2026-10-05 16:33:15.447 [T3] Person frame in FOLLOW: count=1, target_score=0.93, target_center=(155,356), target_box=(0,3,311,709), target_depth=1.5670 raw
2026-10-05 16:33:15.612 [T3] Person frame in FOLLOW: count=1, target_score=0.91, target_center=(234,357), target_box=(36,3,432,711), target_depth=1.6431 raw
2026-10-05 16:33:15.781 [T3] Person frame in FOLLOW: count=1, target_score=0.89, target_center=(316,355), target_box=(167,1,465,709), target_depth=1.5370 raw
2026-10-05 16:33:15.947 [T3] Person frame in FOLLOW: count=1, target_score=0.89, target_center=(289,355), target_box=(150,1,428,709), target_depth=1.3530 raw
2026-10-05 16:33:16.117 [T3] Person frame in FOLLOW: count=1, target_score=0.92, target_center=(392,357), target_box=(207,1,578,713), target_depth=2.2781 raw
2026-10-05 16:33:16.117 [T4] throttle=0.87 steer=-0.39 -> L=0.13 R=0.91
2026-10-05 16:33:16.288 [T3] Person frame in FOLLOW: count=1, target_score=0.91, target_center=(443,357), target_box=(265,2,621,713), target_depth=2.1048 raw
2026-10-05 16:33:16.455 [T3] Person frame in FOLLOW: count=1, target_score=0.92, target_center=(454,355), target_box=(297,2,612,709), target_depth=1.9368 raw
2026-10-05 16:33:16.629 [T3] Person frame in FOLLOW: count=1, target_score=0.91, target_center=(402,356), target_box=(255,2,550,710), target_depth=1.8058 raw
2026-10-05 16:33:16.799 [T3] Person frame in FOLLOW: count=1, target_score=0.94, target_center=(435,355), target_box=(284,2,586,709), target_depth=1.4413 raw
2026-10-05 16:33:16.968 [T3] Person frame in FOLLOW: count=1, target_score=0.96, target_center=(441,355), target_box=(269,3,614,707), target_depth=1.6766 raw
2026-10-05 16:33:17.135 [T3] Person frame in FOLLOW: count=1, target_score=0.97, target_center=(452,354), target_box=(273,3,632,706), target_depth=1.6556 raw
2026-10-05 16:33:17.137 [T4] throttle=1.00 steer=-0.29 -> L=0.31 R=0.89
2026-10-05 16:33:17.302 [T3] Person frame in FOLLOW: count=1, target_score=0.95, target_center=(475,358), target_box=(298,4,652,712), target_depth=1.5018 raw
2026-10-05 16:33:17.468 [T3] Person frame in FOLLOW: count=1, target_score=0.97, target_center=(502,355), target_box=(335,2,670,708), target_depth=1.6289 raw
2026-10-05 16:33:17.640 [T3] Person frame in FOLLOW: count=1, target_score=0.96, target_center=(513,354), target_box=(350,3,676,706), target_depth=1.4733 raw
2026-10-05 16:33:17.809 [T3] Person frame in FOLLOW: count=1, target_score=0.96, target_center=(550,355), target_box=(399,3,701,708), target_depth=2.1223 raw
2026-10-05 16:33:17.981 [T3] Person frame in FOLLOW: count=1, target_score=0.94, target_center=(592,354), target_box=(434,2,750,706), target_depth=1.6167 raw
2026-10-05 16:33:18.141 [T3] Person frame in FOLLOW: count=1, target_score=0.96, target_center=(662,354), target_box=(496,2,829,707), target_depth=1.7776 raw
2026-10-05 16:33:18.141 [T4] throttle=1.00 steer=0.04 -> L=0.64 R=0.56
2026-10-05 16:33:18.313 [T3] Person frame in FOLLOW: count=1, target_score=0.96, target_center=(684,355), target_box=(501,2,867,708), target_depth=2.0763 raw
2026-10-05 16:33:18.480 [T3] Person frame in FOLLOW: count=1, target_score=0.96, target_center=(700,356), target_box=(525,3,875,709), target_depth=1.6730 raw
2026-10-05 16:33:18.646 [T3] Person frame in FOLLOW: count=1, target_score=0.96, target_center=(706,356), target_box=(542,3,870,709), target_depth=1.8784 raw
2026-10-05 16:33:18.816 [T3] Person frame in FOLLOW: count=1, target_score=0.95, target_center=(721,355), target_box=(555,2,888,708), target_depth=1.7563 raw
2026-10-05 16:33:18.991 [T3] Person frame in FOLLOW: count=1, target_score=0.95, target_center=(717,356), target_box=(554,3,881,709), target_depth=1.8766 raw
2026-10-05 16:33:19.171 [T3] Person frame in FOLLOW: count=1, target_score=0.94, target_center=(686,356), target_box=(528,2,844,711), target_depth=2.3027 raw
2026-10-05 16:33:19.171 [T4] throttle=0.84 steer=0.07 -> L=0.57 R=0.43
2026-10-05 16:33:19.337 [T3] Person frame in FOLLOW: count=1, target_score=0.91, target_center=(644,356), target_box=(469,2,820,711), target_depth=2.1223 raw
2026-10-05 16:33:19.505 [T3] Person frame in FOLLOW: count=1, target_score=0.89, target_center=(531,356), target_box=(395,3,668,709), target_depth=2.3487 raw
2026-10-05 16:33:19.677 [T3] Person frame in FOLLOW: count=1, target_score=0.91, target_center=(445,357), target_box=(278,2,612,713), target_depth=2.1632 raw
2026-10-05 16:33:19.844 [T3] Person frame in FOLLOW: count=1, target_score=0.93, target_center=(445,358), target_box=(263,3,627,713), target_depth=1.7827 raw
2026-10-05 16:33:20.016 [T3] Person frame in FOLLOW: count=1, target_score=0.92, target_center=(456,357), target_box=(266,3,647,711), target_depth=2.1895 raw
2026-10-05 16:33:20.193 [T3] Person frame in FOLLOW: count=1, target_score=0.90, target_center=(364,357), target_box=(212,2,516,712), target_depth=1.7492 raw
2026-10-05 16:33:20.193 [T4] throttle=1.00 steer=-0.43 -> L=0.17 R=1.00
2026-10-05 16:33:20.358 [T3] Person frame in FOLLOW: count=1, target_score=0.83, target_center=(327,356), target_box=(194,3,460,709), target_depth=1.4662 raw
2026-10-05 16:33:20.532 [T3] Person frame in FOLLOW: count=1, target_score=0.56, target_center=(335,356), target_box=(195,3,475,709), target_depth=2.1365 raw
2026-10-05 16:33:20.704 [T3] Person frame in FOLLOW: count=1, target_score=0.91, target_center=(328,356), target_box=(210,3,446,709), target_depth=1.3815 raw
2026-10-05 16:33:20.879 [T3] Person frame in FOLLOW: count=1, target_score=0.65, target_center=(326,349), target_box=(216,5,437,694), target_depth=1.2220 raw
2026-10-05 16:33:21.050 [T3] Person frame in FOLLOW: count=1, target_score=0.92, target_center=(363,357), target_box=(234,3,493,711), target_depth=1.7670 raw
2026-10-05 16:33:21.228 [T3] Person frame in FOLLOW: count=1, target_score=0.89, target_center=(419,359), target_box=(292,1,546,717), target_depth=1.3089 raw
2026-10-05 16:33:21.396 [T3] Person frame in FOLLOW: count=1, target_score=0.89, target_center=(436,358), target_box=(303,3,570,714), target_depth=1.1814 raw
2026-10-05 16:33:21.396 [T4] throttle=1.00 steer=-0.32 -> L=0.28 R=0.92
2026-10-05 16:33:21.560 [T3] Person frame in FOLLOW: count=1, target_score=0.89, target_center=(391,357), target_box=(277,1,505,713), target_depth=0.9835 raw
2026-10-05 16:33:21.734 [T3] Person frame in FOLLOW: count=1, target_score=0.81, target_center=(418,362), target_box=(314,19,523,706), target_depth=1.1088 raw
2026-10-05 16:33:21.898 [T3] Person frame in FOLLOW: count=1, target_score=0.95, target_center=(409,385), target_box=(295,58,523,712), target_depth=1.4840 raw
2026-10-05 16:33:22.070 [T3] Person frame in FOLLOW: count=1, target_score=0.91, target_center=(429,377), target_box=(335,41,523,713), target_depth=1.5847 raw
2026-10-05 16:33:22.240 [T3] Person frame in FOLLOW: count=1, target_score=0.93, target_center=(448,390), target_box=(349,67,547,713), target_depth=1.3423 raw
2026-10-05 16:33:22.409 [T3] Person frame in FOLLOW: count=1, target_score=0.90, target_center=(432,408), target_box=(315,103,550,713), target_depth=1.4804 raw
2026-10-05 16:33:22.575 [T3] Person frame in FOLLOW: count=1, target_score=0.90, target_center=(452,411), target_box=(342,110,562,713), target_depth=1.2982 raw
2026-10-05 16:33:22.758 [T3] Person frame in FOLLOW: count=1, target_score=0.92, target_center=(447,426), target_box=(311,139,583,714), target_depth=1.1586 raw
2026-10-05 16:33:22.932 [T3] Person frame in FOLLOW: count=1, target_score=0.93, target_center=(437,429), target_box=(303,144,572,714), target_depth=1.2327 raw
2026-10-05 16:33:23.098 [T3] Person frame in FOLLOW: count=1, target_score=0.91, target_center=(464,435), target_box=(322,158,606,713), target_depth=1.1426 raw
2026-10-05 16:33:23.271 [T3] Person frame in FOLLOW: count=1, target_score=0.90, target_center=(499,459), target_box=(382,206,616,713), target_depth=0.6934 raw
2026-10-05 16:33:23.446 [T3] Person frame in FOLLOW: count=1, target_score=0.91, target_center=(543,458), target_box=(439,203,648,714), target_depth=0.6667 raw
2026-10-05 16:33:23.446 [T4] throttle=1.00 steer=-0.15 -> L=0.45 R=0.75
2026-10-05 16:33:23.626 [T3] Person frame in FOLLOW: count=1, target_score=0.91, target_center=(522,465), target_box=(424,215,620,715), target_depth=0.5784 raw
2026-10-05 16:33:23.794 [T3] Person frame in FOLLOW: count=1, target_score=0.92, target_center=(541,477), target_box=(443,241,640,714), target_depth=1.5370 raw
2026-10-05 16:33:23.966 [T3] Person frame in FOLLOW: count=1, target_score=0.90, target_center=(544,479), target_box=(443,244,645,715), target_depth=1.4715 raw
2026-10-05 16:33:24.138 [T3] Person frame in FOLLOW: count=1, target_score=0.91, target_center=(553,468), target_box=(447,223,660,713), target_depth=1.5335 raw
2026-10-05 16:33:24.308 [T3] Person frame in FOLLOW: count=1, target_score=0.93, target_center=(550,484), target_box=(446,256,655,713), target_depth=1.7421 raw
2026-10-05 16:33:24.478 [T3] Person frame in FOLLOW: count=1, target_score=0.93, target_center=(567,492), target_box=(470,270,664,714), target_depth=1.8873 raw
2026-10-05 16:33:24.646 [T3] Person frame in FOLLOW: count=1, target_score=0.91, target_center=(592,495), target_box=(500,277,684,714), target_depth=1.8360 raw
2026-10-05 16:33:24.812 [T3] Person frame in FOLLOW: count=1, target_score=0.91, target_center=(597,483), target_box=(503,253,692,713), target_depth=1.8325 raw
2026-10-05 16:33:24.978 [T3] Person frame in FOLLOW: count=1, target_score=0.91, target_center=(607,501), target_box=(513,289,702,713), target_depth=1.7933 raw
2026-10-05 16:33:25.145 [T3] Person frame in FOLLOW: count=1, target_score=0.91, target_center=(609,495), target_box=(511,276,708,714), target_depth=2.0108 raw
2026-10-05 16:33:25.146 [T4] throttle=1.00 steer=-0.05 -> L=0.55 R=0.65
2026-10-05 16:33:25.314 [T3] Person frame in FOLLOW: count=1, target_score=0.91, target_center=(612,493), target_box=(519,272,705,715), target_depth=1.7827 raw
2026-10-05 16:33:25.487 [T3] Person frame in FOLLOW: count=1, target_score=0.88, target_center=(622,523), target_box=(529,329,716,717), target_depth=2.6725 raw
2026-10-05 16:33:25.654 [T3] Person frame in FOLLOW: count=1, target_score=0.92, target_center=(617,524), target_box=(522,332,713,717), target_depth=1.8022 raw
2026-10-05 16:33:25.825 [T3] Person frame in FOLLOW: count=1, target_score=0.90, target_center=(621,511), target_box=(532,308,710,714), target_depth=1.7563 raw
2026-10-05 16:33:25.997 [T3] Person frame in FOLLOW: count=1, target_score=0.90, target_center=(663,515), target_box=(588,316,739,715), target_depth=1.3106 raw
2026-10-05 16:33:26.165 [T3] Person frame in FOLLOW: count=1, target_score=0.88, target_center=(671,524), target_box=(603,331,740,718), target_depth=2.0624 raw
2026-10-05 16:33:26.336 [T3] Person frame in FOLLOW: count=1, target_score=0.88, target_center=(674,541), target_box=(604,364,745,718), target_depth=1.3886 raw
2026-10-05 16:33:26.337 [T4] throttle=1.00 steer=0.05 -> L=0.65 R=0.55
2026-10-05 16:33:26.500 [T3] Person frame in FOLLOW: count=1, target_score=0.89, target_center=(619,530), target_box=(530,346,708,714), target_depth=1.3832 raw
2026-10-05 16:33:26.667 [T3] Person frame in FOLLOW: count=1, target_score=0.92, target_center=(593,526), target_box=(503,339,683,713), target_depth=1.7723 raw
2026-10-05 16:33:26.836 [T3] Person frame in FOLLOW: count=1, target_score=0.88, target_center=(614,528), target_box=(527,346,701,711), target_depth=1.1672 raw
2026-10-05 16:33:27.000 [T3] Person frame in FOLLOW: count=1, target_score=0.89, target_center=(621,528), target_box=(546,343,697,714), target_depth=0.7835 raw
2026-10-05 16:33:27.170 [T3] Person frame in FOLLOW: count=1, target_score=0.89, target_center=(626,525), target_box=(556,336,697,714), target_depth=1.8200 raw
2026-10-05 16:33:27.333 [T3] Person frame in FOLLOW: count=1, target_score=0.87, target_center=(620,515), target_box=(543,315,697,715), target_depth=1.6837 raw
2026-10-05 16:33:27.502 [T3] Person frame in FOLLOW: count=1, target_score=0.86, target_center=(577,514), target_box=(514,314,640,715), target_depth=1.7492 raw
2026-10-05 16:33:27.502 [T4] throttle=1.00 steer=-0.10 -> L=0.50 R=0.70
2026-10-05 16:33:27.670 [T3] Person frame in FOLLOW: count=1, target_score=0.89, target_center=(615,506), target_box=(549,298,681,714), target_depth=1.4627 raw
2026-10-05 16:33:27.836 [T3] Person frame in FOLLOW: count=1, target_score=0.84, target_center=(613,502), target_box=(553,293,673,711), target_depth=1.9297 raw
2026-10-05 16:33:28.003 [T3] Person frame in FOLLOW: count=1, target_score=0.88, target_center=(604,501), target_box=(543,286,666,716), target_depth=1.6360 raw
2026-10-05 16:33:28.173 [T3] Person frame in FOLLOW: count=1, target_score=0.92, target_center=(587,495), target_box=(498,276,677,715), target_depth=1.3423 raw
2026-10-05 16:33:28.341 [T3] Person frame in FOLLOW: count=1, target_score=0.93, target_center=(574,478), target_box=(470,243,679,713), target_depth=1.3089 raw
2026-10-05 16:33:28.514 [T3] Person frame in FOLLOW: count=1, target_score=0.91, target_center=(545,475), target_box=(427,236,663,714), target_depth=1.9563 raw
2026-10-05 16:33:28.683 [T3] Person frame in FOLLOW: count=1, target_score=0.92, target_center=(533,463), target_box=(429,213,637,713), target_depth=1.1515 raw
2026-10-05 16:33:28.854 [T3] Person frame in FOLLOW: count=1, target_score=0.90, target_center=(489,451), target_box=(385,190,594,713), target_depth=1.7492 raw
2026-10-05 16:33:28.854 [T4] throttle=1.00 steer=-0.24 -> L=0.36 R=0.84
2026-10-05 16:33:29.023 [T3] Person frame in FOLLOW: count=1, target_score=0.91, target_center=(459,453), target_box=(360,196,559,711), target_depth=2.2532 raw
2026-10-05 16:33:29.194 [T3] Person frame in FOLLOW: count=1, target_score=0.92, target_center=(462,445), target_box=(344,175,580,715), target_depth=1.3779 raw
2026-10-05 16:33:29.361 [T3] Person frame in FOLLOW: count=1, target_score=0.92, target_center=(441,430), target_box=(302,147,580,714), target_depth=2.4992 raw
2026-10-05 16:33:29.529 [T3] Person frame in FOLLOW: count=1, target_score=0.88, target_center=(432,406), target_box=(322,103,542,709), target_depth=1.8005 raw
2026-10-05 16:33:29.694 [T3] Person frame in FOLLOW: count=1, target_score=0.93, target_center=(380,387), target_box=(262,58,498,716), target_depth=1.7492 raw
2026-10-05 16:33:29.861 [T3] Person frame in FOLLOW: count=1, target_score=0.93, target_center=(376,382), target_box=(215,49,537,715), target_depth=1.6271 raw
2026-10-05 16:33:29.861 [T4] throttle=1.00 steer=-0.41 -> L=0.19 R=1.00
2026-10-05 16:33:30.036 [T3] Person frame in FOLLOW: count=1, target_score=0.90, target_center=(340,372), target_box=(172,29,509,715), target_depth=1.8517 raw
2026-10-05 16:33:30.203 [T3] Person frame in FOLLOW: count=1, target_score=0.89, target_center=(346,356), target_box=(193,1,500,711), target_depth=2.0941 raw
2026-10-05 16:33:30.375 [T3] Person frame in FOLLOW: count=1, target_score=0.87, target_center=(363,354), target_box=(210,0,517,709), target_depth=1.8147 raw
2026-10-05 16:33:30.541 [T3] Person frame in FOLLOW: count=1, target_score=0.91, target_center=(351,355), target_box=(201,3,501,708), target_depth=2.1878 raw
2026-10-05 16:33:30.709 [T3] Person frame in FOLLOW: count=1, target_score=0.93, target_center=(302,357), target_box=(122,2,482,713), target_depth=1.4573 raw
2026-10-05 16:33:30.892 [T3] Person frame in FOLLOW: count=1, target_score=0.92, target_center=(330,357), target_box=(141,2,520,712), target_depth=1.7299 raw
2026-10-05 16:33:31.062 [T3] Person frame in FOLLOW: count=1, target_score=0.89, target_center=(331,355), target_box=(113,2,549,708), target_depth=2.3330 raw
2026-10-05 16:33:31.062 [T4] throttle=0.80 steer=-0.48 -> L=-0.00 R=0.96
2026-10-05 16:33:31.227 [T3] Person frame in FOLLOW: count=1, target_score=0.92, target_center=(302,355), target_box=(44,3,561,708), target_depth=2.8687 raw
2026-10-05 16:33:31.400 [T3] Person frame in FOLLOW: count=1, target_score=0.79, target_center=(287,352), target_box=(0,2,575,703), target_depth=2.1738 raw
2026-10-05 16:33:31.573 [T3] Person frame in FOLLOW: count=1, target_score=0.80, target_center=(241,349), target_box=(0,2,483,696), target_depth=2.3700 raw
2026-10-05 16:33:31.735 [T3] Person frame in FOLLOW: count=1, target_score=0.72, target_center=(273,357), target_box=(38,3,508,711), target_depth=2.5327 raw
2026-10-05 16:33:31.904 [T3] Person frame in FOLLOW: count=1, target_score=0.72, target_center=(213,355), target_box=(3,3,424,708), target_depth=2.0411 raw
2026-10-05 16:33:32.070 [T3] Person frame in FOLLOW: count=1, target_score=0.59, target_center=(135,350), target_box=(1,2,270,698), target_depth=1.6819 raw
2026-10-05 16:33:32.071 [T4] throttle=1.00 steer=-0.79 -> L=-0.19 R=1.00
2026-10-05 16:33:32.243 [T3] Person frame in FOLLOW: count=0
2026-10-05 16:33:32.245 [T4] throttle=0.00 steer=0.00 -> L=0.00 R=0.00
2026-10-05 16:33:32.408 [T3] Person frame in FOLLOW: count=0
2026-10-05 16:33:32.408 [T3] Person no longer detected in FOLLOW
2026-10-05 16:33:32.577 [T3] Person frame in FOLLOW: count=0
2026-10-05 16:33:32.741 [T3] Person frame in FOLLOW: count=0
2026-10-05 16:33:32.910 [T3] Person frame in FOLLOW: count=0
2026-10-05 16:33:33.077 [T3] Person frame in FOLLOW: count=0
2026-10-05 16:33:33.243 [T3] Person frame in FOLLOW: count=0
2026-10-05 16:33:33.409 [T3] Person frame in FOLLOW: count=0
2026-10-05 16:33:33.579 [T3] Person frame in FOLLOW: count=0
2026-10-05 16:33:33.753 [T3] Person frame in FOLLOW: count=0
2026-10-05 16:33:33.929 [T3] Person frame in FOLLOW: count=1, target_score=0.50, target_center=(174,356), target_box=(0,2,349,710), target_depth=2.2372 raw
2026-10-05 16:33:33.929 [T3] Person detected in FOLLOW: 1 person(s), score=0.50, center=(174,356), depth=2.237 raw
2026-10-05 16:33:33.929 [T4] throttle=0.92 steer=-0.73 -> L=-0.18 R=1.00
2026-10-05 16:33:34.098 [T3] Person frame in FOLLOW: count=1, target_score=0.81, target_center=(190,356), target_box=(0,2,380,711), target_depth=1.6873 raw
2026-10-05 16:33:34.269 [T3] Person frame in FOLLOW: count=1, target_score=0.52, target_center=(283,356), target_box=(15,2,551,711), target_depth=2.0852 raw
2026-10-05 16:33:34.438 [T3] Person frame in FOLLOW: count=1, target_score=0.79, target_center=(398,356), target_box=(26,4,770,709), target_depth=1.8289 raw
2026-10-05 16:33:34.602 [T3] Person frame in FOLLOW: count=0
2026-10-05 16:33:34.603 [T4] throttle=0.00 steer=0.00 -> L=0.00 R=0.00
2026-10-05 16:33:34.766 [T3] Person frame in FOLLOW: count=1, target_score=0.45, target_center=(628,355), target_box=(399,2,858,708), target_depth=2.5238 raw
2026-10-05 16:33:34.766 [T4] throttle=0.57 steer=-0.02 -> L=0.32 R=0.36
2026-10-05 16:33:34.933 [T3] Person frame in FOLLOW: count=0
2026-10-05 16:33:34.934 [T4] throttle=0.00 steer=0.00 -> L=0.00 R=0.00
2026-10-05 16:33:35.099 [T3] Person frame in FOLLOW: count=1, target_score=0.85, target_center=(819,354), target_box=(569,0,1069,709), target_depth=1.5353 raw
2026-10-05 16:33:35.101 [T4] throttle=1.00 steer=0.28 -> L=0.88 R=0.32
2026-10-05 16:33:35.264 [T3] Person frame in FOLLOW: count=1, target_score=0.63, target_center=(864,357), target_box=(639,5,1090,709), target_depth=1.3797 raw
2026-10-05 16:33:35.429 [T3] Person frame in FOLLOW: count=0
2026-10-05 16:33:35.433 [T4] throttle=0.00 steer=0.00 -> L=0.00 R=0.00
2026-10-05 16:33:35.606 [T3] Person frame in FOLLOW: count=0
2026-10-05 16:33:35.606 [T3] Person no longer detected in FOLLOW
2026-10-05 16:33:35.770 [T3] Person frame in FOLLOW: count=1, target_score=0.67, target_center=(1004,355), target_box=(812,3,1197,708), target_depth=1.6182 raw
2026-10-05 16:33:35.771 [T3] Person detected in FOLLOW: 1 person(s), score=0.67, center=(1004,355), depth=1.618 raw
2026-10-05 16:33:35.773 [T4] throttle=1.00 steer=0.57 -> L=1.00 R=0.03
2026-10-05 16:33:35.936 [T3] Person frame in FOLLOW: count=0
2026-10-05 16:33:35.937 [T4] throttle=0.00 steer=0.00 -> L=0.00 R=0.00
2026-10-05 16:33:36.107 [T3] Person frame in FOLLOW: count=0
2026-10-05 16:33:36.107 [T3] Person no longer detected in FOLLOW
2026-10-05 16:33:36.272 [T3] Person frame in FOLLOW: count=0
2026-10-05 16:33:36.443 [T3] Person frame in FOLLOW: count=1, target_score=0.95, target_center=(855,356), target_box=(657,3,1053,710), target_depth=2.0340 raw
2026-10-05 16:33:36.444 [T3] Person detected in FOLLOW: 1 person(s), score=0.95, center=(855,356), depth=2.034 raw
2026-10-05 16:33:36.444 [T4] throttle=1.00 steer=0.34 -> L=0.94 R=0.26
2026-10-05 16:33:36.610 [T3] Person frame in FOLLOW: count=1, target_score=0.96, target_center=(872,356), target_box=(692,3,1052,710), target_depth=1.9898 raw
2026-10-05 16:33:36.778 [T3] Person frame in FOLLOW: count=1, target_score=0.90, target_center=(899,355), target_box=(704,3,1094,708), target_depth=1.8254 raw
2026-10-05 16:33:36.948 [T3] Person frame in FOLLOW: count=1, target_score=0.91, target_center=(798,356), target_box=(605,2,992,710), target_depth=1.4911 raw
2026-10-05 16:33:37.121 [T3] Person frame in FOLLOW: count=1, target_score=0.90, target_center=(811,356), target_box=(616,2,1006,711), target_depth=1.8360 raw
2026-10-05 16:33:37.297 [T3] Person frame in FOLLOW: count=1, target_score=0.94, target_center=(942,355), target_box=(774,3,1110,707), target_depth=2.4408 raw
2026-10-05 16:33:37.469 [T3] Person frame in FOLLOW: count=1, target_score=0.90, target_center=(1016,355), target_box=(820,5,1212,706), target_depth=2.0799 raw
2026-10-05 16:33:37.470 [T4] throttle=1.00 steer=0.59 -> L=1.00 R=0.01
2026-10-05 16:33:37.639 [T3] Person frame in FOLLOW: count=1, target_score=0.91, target_center=(1108,355), target_box=(939,2,1278,709), target_depth=1.7282 raw
2026-10-05 16:33:37.812 [T3] Person frame in FOLLOW: count=1, target_score=0.62, target_center=(1065,351), target_box=(852,3,1278,699), target_depth=1.6677 raw
2026-10-05 16:33:37.978 [T3] Person frame in FOLLOW: count=1, target_score=0.91, target_center=(1100,354), target_box=(924,3,1277,706), target_depth=1.7015 raw
2026-10-05 16:33:38.156 [T3] Person frame in FOLLOW: count=1, target_score=0.89, target_center=(1116,355), target_box=(955,3,1278,707), target_depth=1.9350 raw
2026-10-05 16:33:38.323 [T3] Person frame in FOLLOW: count=1, target_score=0.88, target_center=(1058,355), target_box=(839,2,1277,708), target_depth=1.9738 raw
2026-10-05 16:33:38.492 [T3] Person frame in FOLLOW: count=1, target_score=0.86, target_center=(1033,491), target_box=(787,270,1279,712), target_depth=2.0799 raw
2026-10-05 16:33:38.663 [T3] Person frame in FOLLOW: count=1, target_score=0.91, target_center=(1117,355), target_box=(956,4,1278,706), target_depth=2.6779 raw
2026-10-05 16:33:38.665 [T4] throttle=0.39 steer=0.75 -> L=0.98 R=-0.51
2026-10-05 16:33:38.827 [T3] Person frame in FOLLOW: count=1, target_score=0.61, target_center=(1199,484), target_box=(1121,261,1278,707), target_depth=3.3692 raw
2026-10-05 16:33:39.000 [T3] Person frame in FOLLOW: count=1, target_score=0.58, target_center=(1187,488), target_box=(1094,270,1280,707), target_depth=1.7246 raw
2026-10-05 16:33:39.166 [T3] Person frame in FOLLOW: count=1, target_score=0.86, target_center=(1023,478), target_box=(769,247,1278,709), target_depth=1.7776 raw
2026-10-05 16:33:39.339 [T3] Person frame in FOLLOW: count=1, target_score=0.44, target_center=(890,355), target_box=(695,3,1086,708), target_depth=2.0695 raw
2026-10-05 16:33:39.506 [T3] Person frame in FOLLOW: count=1, target_score=0.88, target_center=(632,356), target_box=(451,2,814,710), target_depth=2.1187 raw
2026-10-05 16:33:39.670 [T3] Person frame in FOLLOW: count=1, target_score=0.80, target_center=(608,356), target_box=(322,2,894,710), target_depth=1.7228 raw
2026-10-05 16:33:39.670 [T4] throttle=1.00 steer=-0.05 -> L=0.55 R=0.65
2026-10-05 16:33:39.838 [T3] Person frame in FOLLOW: count=1, target_score=0.88, target_center=(616,355), target_box=(317,1,916,710), target_depth=2.1205 raw
2026-10-05 16:33:40.003 [T3] Person frame in FOLLOW: count=1, target_score=0.83, target_center=(637,354), target_box=(278,2,996,707), target_depth=1.7086 raw
2026-10-05 16:33:40.168 [T3] Person frame in FOLLOW: count=1, target_score=0.82, target_center=(1007,354), target_box=(736,1,1279,707), target_depth=1.6926 raw
2026-10-05 16:33:40.337 [T3] Person frame in FOLLOW: count=1, target_score=0.49, target_center=(1107,356), target_box=(937,2,1278,710), target_depth=1.9457 raw
2026-10-05 16:33:40.501 [T3] Person frame in FOLLOW: count=1, target_score=0.85, target_center=(1138,354), target_box=(999,5,1278,704), target_depth=1.8731 raw
2026-10-05 16:33:40.669 [T3] Person frame in FOLLOW: count=0
2026-10-05 16:33:40.669 [T4] throttle=0.00 steer=0.00 -> L=0.00 R=0.00
2026-10-05 16:33:40.837 [T3] Person frame in FOLLOW: count=0
2026-10-05 16:33:40.840 [T3] Person no longer detected in FOLLOW
2026-10-05 16:33:41.003 [T3] Person frame in FOLLOW: count=0
2026-10-05 16:33:41.176 [T3] Person frame in FOLLOW: count=0
2026-10-05 16:33:41.340 [T3] Person frame in FOLLOW: count=1, target_score=0.51, target_center=(1229,357), target_box=(1181,5,1278,709), target_depth=1.6061 raw
2026-10-05 16:33:41.340 [T3] Person detected in FOLLOW: 1 person(s), score=0.51, center=(1229,357), depth=1.606 raw
2026-10-05 16:33:41.340 [T4] throttle=1.00 steer=0.92 -> L=1.00 R=-0.32
2026-10-05 16:33:41.506 [T3] Person frame in FOLLOW: count=1, target_score=0.77, target_center=(1206,354), target_box=(1135,3,1277,706), target_depth=2.2390 raw
2026-10-05 16:33:41.674 [T3] Person frame in FOLLOW: count=0
2026-10-05 16:33:41.676 [T4] throttle=0.00 steer=0.00 -> L=0.00 R=0.00
2026-10-05 16:33:41.846 [T3] Person frame in FOLLOW: count=1, target_score=0.67, target_center=(1101,356), target_box=(927,3,1275,710), target_depth=1.6766 raw
2026-10-05 16:33:41.847 [T4] throttle=1.00 steer=0.72 -> L=1.00 R=-0.12
2026-10-05 16:33:42.010 [T3] Person frame in FOLLOW: count=0
2026-10-05 16:33:42.011 [T4] throttle=0.00 steer=0.00 -> L=0.00 R=0.00
2026-10-05 16:33:42.176 [T3] Person frame in FOLLOW: count=1, target_score=0.56, target_center=(970,354), target_box=(820,2,1121,707), target_depth=1.7421 raw
2026-10-05 16:33:42.177 [T4] throttle=1.00 steer=0.52 -> L=1.00 R=0.08
2026-10-05 16:33:42.345 [T3] Person frame in FOLLOW: count=1, target_score=0.72, target_center=(1010,354), target_box=(843,1,1177,708), target_depth=3.2613 raw
2026-10-05 16:33:42.517 [T3] Person frame in FOLLOW: count=1, target_score=0.66, target_center=(1080,353), target_box=(893,2,1267,704), target_depth=1.6573 raw
2026-10-05 16:33:42.682 [T3] Person frame in FOLLOW: count=0
2026-10-05 16:33:42.690 [T4] throttle=0.00 steer=0.00 -> L=0.00 R=0.00
2026-10-05 16:33:42.855 [T3] Person frame in FOLLOW: count=0
2026-10-05 16:33:42.855 [T3] Person no longer detected in FOLLOW
2026-10-05 16:33:43.032 [T3] Person frame in FOLLOW: count=0
2026-10-05 16:33:43.201 [T3] Person frame in FOLLOW: count=0
2026-10-05 16:33:43.373 [T3] Person frame in FOLLOW: count=0
2026-10-05 16:33:43.542 [T3] Person frame in FOLLOW: count=0
2026-10-05 16:33:43.729 [T3] Person frame in FOLLOW: count=0
2026-10-05 16:33:43.893 [T3] Person frame in FOLLOW: count=0
2026-10-05 16:33:44.068 [T3] Person frame in FOLLOW: count=0
2026-10-05 16:33:44.232 [T3] Person frame in FOLLOW: count=1, target_score=0.44, target_center=(990,413), target_box=(705,117,1275,709), target_depth=1.6520 raw
2026-10-05 16:33:44.233 [T3] Person detected in FOLLOW: 1 person(s), score=0.44, center=(990,413), depth=1.652 raw
2026-10-05 16:33:44.233 [T4] throttle=1.00 steer=0.55 -> L=1.00 R=0.05
2026-10-05 16:33:44.401 [T3] Person frame in FOLLOW: count=1, target_score=0.93, target_center=(934,357), target_box=(590,4,1279,710), target_depth=2.2073 raw
2026-10-05 16:33:44.563 [T3] Person frame in FOLLOW: count=1, target_score=0.66, target_center=(931,355), target_box=(585,4,1278,706), target_depth=1.0629 raw
2026-10-05 16:33:44.735 [T3] Person frame in FOLLOW: count=1, target_score=0.88, target_center=(847,354), target_box=(417,0,1278,708), target_depth=1.4751 raw
2026-10-05 16:33:44.904 [T3] Person frame in FOLLOW: count=1, target_score=0.65, target_center=(816,354), target_box=(356,0,1277,709), target_depth=1.6167 raw
2026-10-05 16:33:45.072 [T3] Person frame in FOLLOW: count=0
2026-10-05 16:33:45.072 [T4] throttle=0.00 steer=0.00 -> L=0.00 R=0.00
2026-10-05 16:33:45.241 [T3] Person frame in FOLLOW: count=0
2026-10-05 16:33:45.241 [T3] Person no longer detected in FOLLOW
2026-10-05 16:33:45.410 [T3] Person frame in FOLLOW: count=0
2026-10-05 16:33:45.584 [T3] Person frame in FOLLOW: count=0
2026-10-05 16:33:45.749 [T3] Person frame in FOLLOW: count=0
2026-10-05 16:33:45.920 [T3] Person frame in FOLLOW: count=1, target_score=0.40, target_center=(1204,140), target_box=(1131,70,1278,210), target_depth=1.0188 raw
2026-10-05 16:33:45.920 [T3] Person detected in FOLLOW: 1 person(s), score=0.40, center=(1204,140), depth=1.019 raw
2026-10-05 16:33:45.921 [T4] throttle=1.00 steer=0.88 -> L=1.00 R=-0.28
2026-10-05 16:33:46.097 [T3] Person frame in FOLLOW: count=1, target_score=0.48, target_center=(1205,143), target_box=(1132,74,1279,213), target_depth=0.5289 raw
2026-10-05 16:33:46.264 [T3] Person frame in FOLLOW: count=1, target_score=0.43, target_center=(1200,142), target_box=(1121,73,1279,211), target_depth=0.9390 raw
2026-10-05 16:33:46.436 [T3] Person frame in FOLLOW: count=1, target_score=0.40, target_center=(1210,223), target_box=(1142,2,1279,445), target_depth=2.4533 raw
2026-10-05 16:33:46.605 [T3] Person frame in FOLLOW: count=1, target_score=0.62, target_center=(1032,354), target_box=(786,1,1278,708), target_depth=1.5139 raw
2026-10-05 16:33:46.773 [T3] Person frame in FOLLOW: count=0
2026-10-05 16:33:46.774 [T4] throttle=0.00 steer=0.00 -> L=0.00 R=0.00
2026-10-05 16:33:46.941 [T3] Person frame in FOLLOW: count=0
2026-10-05 16:33:46.941 [T3] Person no longer detected in FOLLOW
2026-10-05 16:33:47.105 [T3] Person frame in FOLLOW: count=1, target_score=0.54, target_center=(644,356), target_box=(18,3,1270,709), target_depth=1.9154 raw
2026-10-05 16:33:47.106 [T3] Person detected in FOLLOW: 1 person(s), score=0.54, center=(644,356), depth=1.915 raw
2026-10-05 16:33:47.106 [T4] throttle=1.00 steer=0.01 -> L=0.61 R=0.59
2026-10-05 16:33:47.271 [T3] Person frame in FOLLOW: count=0
2026-10-05 16:33:47.271 [T4] throttle=0.00 steer=0.00 -> L=0.00 R=0.00
2026-10-05 16:33:47.438 [T3] Person frame in FOLLOW: count=1, target_score=0.48, target_center=(495,355), target_box=(281,3,709,707), target_depth=1.9065 raw
2026-10-05 16:33:47.439 [T4] throttle=1.00 steer=-0.23 -> L=0.37 R=0.83
2026-10-05 16:33:47.606 [T3] Person frame in FOLLOW: count=0
2026-10-05 16:33:47.606 [T4] throttle=0.00 steer=0.00 -> L=0.00 R=0.00
2026-10-05 16:33:47.773 [T3] Person frame in FOLLOW: count=1, target_score=0.78, target_center=(488,354), target_box=(4,3,972,705), target_depth=3.2403 raw
2026-10-05 16:33:47.773 [T4] throttle=-0.29 steer=-0.24 -> L=-0.41 R=0.06
2026-10-05 16:33:47.937 [T3] Person frame in FOLLOW: count=1, target_score=0.51, target_center=(1048,355), target_box=(819,3,1278,707), target_depth=1.8093 raw
2026-10-05 16:33:48.103 [T3] Person frame in FOLLOW: count=0
2026-10-05 16:33:48.104 [T4] throttle=0.00 steer=0.00 -> L=0.00 R=0.00
2026-10-05 16:33:48.274 [T3] Person frame in FOLLOW: count=1, target_score=0.76, target_center=(1130,355), target_box=(983,2,1277,709), target_depth=1.8325 raw
2026-10-05 16:33:48.276 [T4] throttle=1.00 steer=0.77 -> L=1.00 R=-0.17
2026-10-05 16:33:48.438 [T3] Person frame in FOLLOW: count=1, target_score=0.92, target_center=(1060,354), target_box=(842,2,1279,706), target_depth=1.7139 raw
2026-10-05 16:33:48.607 [T3] Person frame in FOLLOW: count=1, target_score=0.57, target_center=(1148,352), target_box=(1016,2,1280,702), target_depth=1.1850 raw
2026-10-05 16:33:48.777 [T3] Person frame in FOLLOW: count=0
2026-10-05 16:33:48.777 [T4] throttle=0.00 steer=0.00 -> L=0.00 R=0.00
2026-10-05 16:33:48.947 [T3] Person frame in FOLLOW: count=0
2026-10-05 16:33:48.947 [T3] Person no longer detected in FOLLOW
2026-10-05 16:33:49.114 [T3] Person frame in FOLLOW: count=0
2026-10-05 16:33:49.280 [T3] Person frame in FOLLOW: count=2, target_score=0.94, target_center=(268,356), target_box=(16,2,521,711), target_depth=1.7599 raw
2026-10-05 16:33:49.280 [T3] Person detected in FOLLOW: 2 person(s), score=0.94, center=(268,356), depth=1.760 raw
2026-10-05 16:33:49.281 [T4] throttle=1.00 steer=-0.58 -> L=0.02 R=1.00
2026-10-05 16:33:49.445 [T3] Person frame in FOLLOW: count=2, target_score=0.93, target_center=(273,356), target_box=(38,2,508,711), target_depth=2.3682 raw
2026-10-05 16:33:49.611 [T3] Person frame in FOLLOW: count=1, target_score=0.91, target_center=(290,356), target_box=(86,2,494,710), target_depth=1.3317 raw
2026-10-05 16:33:49.785 [T3] Person frame in FOLLOW: count=1, target_score=0.82, target_center=(419,357), target_box=(235,2,603,713), target_depth=2.0251 raw
2026-10-05 16:33:49.959 [T3] Person frame in FOLLOW: count=1, target_score=0.76, target_center=(607,357), target_box=(414,1,800,714), target_depth=2.1347 raw
2026-10-05 16:33:50.128 [T3] Person frame in FOLLOW: count=0
2026-10-05 16:33:50.128 [T4] throttle=0.00 steer=0.00 -> L=0.00 R=0.00
2026-10-05 16:33:50.292 [T3] Person frame in FOLLOW: count=1, target_score=0.66, target_center=(760,492), target_box=(629,273,892,712), target_depth=2.0005 raw
2026-10-05 16:33:50.293 [T4] throttle=1.00 steer=0.19 -> L=0.79 R=0.41
2026-10-05 16:33:50.468 [T3] Person frame in FOLLOW: count=1, target_score=0.46, target_center=(814,359), target_box=(609,4,1020,714), target_depth=1.3708 raw
2026-10-05 16:33:50.630 [T3] Person frame in FOLLOW: count=1, target_score=0.77, target_center=(925,358), target_box=(676,4,1175,712), target_depth=1.8129 raw
2026-10-05 16:33:50.796 [T3] Person frame in FOLLOW: count=2, target_score=0.87, target_center=(971,356), target_box=(734,0,1209,713), target_depth=1.5794 raw
2026-10-05 16:33:50.965 [T3] Person frame in FOLLOW: count=1, target_score=0.90, target_center=(945,356), target_box=(695,4,1196,708), target_depth=2.5081 raw
2026-10-05 16:33:51.135 [T3] Person frame in FOLLOW: count=1, target_score=0.93, target_center=(975,356), target_box=(699,3,1252,709), target_depth=1.9703 raw
2026-10-05 16:33:51.299 [T3] Person frame in FOLLOW: count=1, target_score=0.93, target_center=(971,355), target_box=(691,3,1251,707), target_depth=1.9225 raw
2026-10-05 16:33:51.299 [T4] throttle=1.00 steer=0.52 -> L=1.00 R=0.08
2026-10-05 16:33:51.469 [T3] Person frame in FOLLOW: count=1, target_score=0.94, target_center=(974,356), target_box=(724,3,1224,709), target_depth=1.9261 raw
2026-10-05 16:33:51.635 [T3] Person frame in FOLLOW: count=1, target_score=0.89, target_center=(931,355), target_box=(721,3,1141,707), target_depth=1.8396 raw
2026-10-05 16:33:51.799 [T3] Person frame in FOLLOW: count=1, target_score=0.91, target_center=(903,357), target_box=(690,2,1116,712), target_depth=1.4698 raw
2026-10-05 16:33:51.963 [T3] Person frame in FOLLOW: count=1, target_score=0.80, target_center=(866,352), target_box=(670,2,1063,703), target_depth=1.7264 raw
2026-10-05 16:33:52.134 [T3] Person frame in FOLLOW: count=1, target_score=0.90, target_center=(816,356), target_box=(618,3,1015,709), target_depth=1.5616 raw
2026-10-05 16:33:52.301 [T3] Person frame in FOLLOW: count=1, target_score=0.91, target_center=(788,356), target_box=(594,3,983,709), target_depth=1.9243 raw
2026-10-05 16:33:52.303 [T4] throttle=1.00 steer=0.23 -> L=0.83 R=0.37
2026-10-05 16:33:52.468 [T3] Person frame in FOLLOW: count=1, target_score=0.93, target_center=(781,357), target_box=(594,3,969,711), target_depth=1.6713 raw
2026-10-05 16:33:52.638 [T3] Person frame in FOLLOW: count=1, target_score=0.93, target_center=(770,357), target_box=(605,4,935,711), target_depth=1.8677 raw
2026-10-05 16:33:52.818 [T3] Person frame in FOLLOW: count=1, target_score=0.94, target_center=(733,358), target_box=(582,7,884,710), target_depth=1.9614 raw
2026-10-05 16:33:52.988 [T3] Person frame in FOLLOW: count=1, target_score=0.93, target_center=(698,355), target_box=(560,2,837,709), target_depth=1.5459 raw
2026-10-05 16:33:53.155 [T3] Person frame in FOLLOW: count=1, target_score=0.94, target_center=(686,355), target_box=(541,2,832,708), target_depth=1.5068 raw
2026-10-05 16:33:53.324 [T3] Person frame in FOLLOW: count=1, target_score=0.94, target_center=(673,355), target_box=(517,2,829,709), target_depth=1.3071 raw
2026-10-05 16:33:53.324 [T4] throttle=1.00 steer=0.05 -> L=0.65 R=0.55
2026-10-05 16:33:53.488 [T3] Person frame in FOLLOW: count=2, target_score=0.94, target_center=(642,364), target_box=(486,17,799,712), target_depth=1.6167 raw
2026-10-05 16:33:53.656 [T3] Person frame in FOLLOW: count=2, target_score=0.95, target_center=(671,374), target_box=(526,37,817,712), target_depth=1.8431 raw
2026-10-05 16:33:53.818 [T3] Person frame in FOLLOW: count=2, target_score=0.94, target_center=(678,378), target_box=(539,42,818,714), target_depth=2.0215 raw
2026-10-05 16:33:53.984 [T3] Person frame in FOLLOW: count=2, target_score=0.94, target_center=(691,382), target_box=(558,51,825,713), target_depth=2.0852 raw
2026-10-05 16:33:54.154 [T3] Person frame in FOLLOW: count=2, target_score=0.95, target_center=(693,391), target_box=(569,70,818,713), target_depth=2.2251 raw
2026-10-05 16:33:54.322 [T3] Person frame in FOLLOW: count=2, target_score=0.94, target_center=(689,405), target_box=(568,97,811,713), target_depth=1.3459 raw
2026-10-05 16:33:54.490 [T3] Person frame in FOLLOW: count=2, target_score=0.92, target_center=(661,406), target_box=(538,98,785,714), target_depth=1.6591 raw
2026-10-05 16:33:54.661 [T3] Person frame in FOLLOW: count=1, target_score=0.95, target_center=(673,411), target_box=(548,110,798,712), target_depth=1.2238 raw
2026-10-05 16:33:54.828 [T3] Person frame in FOLLOW: count=1, target_score=0.91, target_center=(700,431), target_box=(577,148,823,714), target_depth=1.9083 raw
2026-10-05 16:33:55.002 [T3] Person frame in FOLLOW: count=1, target_score=0.93, target_center=(745,432), target_box=(624,150,866,715), target_depth=1.9012 raw
2026-10-05 16:33:55.002 [T4] throttle=1.00 steer=0.16 -> L=0.76 R=0.44
2026-10-05 16:33:55.174 [T3] Person frame in FOLLOW: count=1, target_score=0.89, target_center=(766,450), target_box=(642,186,890,715), target_depth=2.4654 raw
2026-10-05 16:33:55.344 [T3] Person frame in FOLLOW: count=1, target_score=0.96, target_center=(740,452), target_box=(631,190,849,715), target_depth=1.9403 raw
2026-10-05 16:33:55.513 [T3] Person frame in FOLLOW: count=2, target_score=0.91, target_center=(734,456), target_box=(628,199,841,714), target_depth=1.8994 raw
2026-10-05 16:33:55.678 [T3] Person frame in FOLLOW: count=1, target_score=0.93, target_center=(733,454), target_box=(620,193,847,715), target_depth=0.7112 raw
2026-10-05 16:33:55.849 [T3] Person frame in FOLLOW: count=1, target_score=0.94, target_center=(741,464), target_box=(633,214,849,715), target_depth=0.9127 raw
2026-10-05 16:33:56.023 [T3] Person frame in FOLLOW: count=1, target_score=0.92, target_center=(756,472), target_box=(662,229,850,715), target_depth=2.1294 raw
2026-10-05 16:33:56.203 [T3] Person frame in FOLLOW: count=2, target_score=0.83, target_center=(791,477), target_box=(698,239,885,715), target_depth=1.8731 raw
2026-10-05 16:33:56.369 [T3] Person frame in FOLLOW: count=1, target_score=0.93, target_center=(806,480), target_box=(702,246,911,714), target_depth=2.2337 raw
2026-10-05 16:33:56.546 [T3] Person frame in FOLLOW: count=1, target_score=0.89, target_center=(805,478), target_box=(717,245,894,712), target_depth=2.0781 raw
2026-10-05 16:33:56.718 [T3] Person frame in FOLLOW: count=1, target_score=0.94, target_center=(799,476), target_box=(701,239,898,713), target_depth=1.3160 raw
2026-10-05 16:33:56.887 [T3] Person frame in FOLLOW: count=2, target_score=0.92, target_center=(791,486), target_box=(701,258,881,715), target_depth=1.9827 raw
2026-10-05 16:33:57.055 [T3] Person frame in FOLLOW: count=2, target_score=0.92, target_center=(798,496), target_box=(703,277,894,715), target_depth=2.0322 raw
2026-10-05 16:33:57.220 [T3] Person frame in FOLLOW: count=2, target_score=0.92, target_center=(815,498), target_box=(724,282,907,714), target_depth=0.4261 raw
2026-10-05 16:33:57.220 [T4] throttle=1.00 steer=0.27 -> L=0.87 R=0.33
2026-10-05 16:33:57.385 [T3] Person frame in FOLLOW: count=2, target_score=0.92, target_center=(818,503), target_box=(724,289,913,717), target_depth=1.9457 raw
2026-10-05 16:33:57.553 [T3] Person frame in FOLLOW: count=2, target_score=0.92, target_center=(801,511), target_box=(706,306,897,717), target_depth=1.4911 raw
2026-10-05 16:33:57.724 [T3] Person frame in FOLLOW: count=3, target_score=0.92, target_center=(824,509), target_box=(733,303,915,715), target_depth=1.6467 raw
2026-10-05 16:33:57.888 [T3] Person frame in FOLLOW: count=2, target_score=0.92, target_center=(806,512), target_box=(719,308,893,716), target_depth=2.0286 raw
2026-10-05 16:33:58.054 [T3] Person frame in FOLLOW: count=2, target_score=0.91, target_center=(799,512), target_box=(715,307,883,717), target_depth=1.4061 raw
2026-10-05 16:33:58.226 [T3] Person frame in FOLLOW: count=2, target_score=0.90, target_center=(811,513), target_box=(728,310,894,716), target_depth=0.9622 raw
2026-10-05 16:33:58.417 [T3] Person frame in FOLLOW: count=2, target_score=0.93, target_center=(756,508), target_box=(672,302,840,715), target_depth=2.3540 raw
2026-10-05 16:33:58.417 [T4] throttle=0.78 steer=0.18 -> L=0.65 R=0.28
2026-10-05 16:33:58.582 [T3] Person frame in FOLLOW: count=2, target_score=0.92, target_center=(792,528), target_box=(713,342,871,714), target_depth=2.1756 raw
2026-10-05 16:33:58.753 [T3] Person frame in FOLLOW: count=2, target_score=0.92, target_center=(782,522), target_box=(691,330,873,715), target_depth=1.7969 raw
2026-10-05 16:33:58.926 [T3] Person frame in FOLLOW: count=2, target_score=0.93, target_center=(791,525), target_box=(709,334,873,717), target_depth=2.0126 raw
2026-10-05 16:33:59.097 [T3] Person frame in FOLLOW: count=2, target_score=0.91, target_center=(762,520), target_box=(684,325,840,716), target_depth=1.8147 raw
2026-10-05 16:33:59.270 [T3] Person frame in FOLLOW: count=2, target_score=0.81, target_center=(722,535), target_box=(643,355,802,715), target_depth=2.1436 raw
2026-10-05 16:33:59.437 [T3] Person frame in FOLLOW: count=2, target_score=0.90, target_center=(752,535), target_box=(676,354,828,716), target_depth=1.9631 raw
2026-10-05 16:33:59.439 [T4] throttle=1.00 steer=0.17 -> L=0.78 R=0.43
2026-10-05 16:33:59.620 [T3] Person frame in FOLLOW: count=2, target_score=0.91, target_center=(773,532), target_box=(695,347,852,717), target_depth=2.4408 raw
2026-10-05 16:33:59.792 [T3] Person frame in FOLLOW: count=2, target_score=0.90, target_center=(814,531), target_box=(745,347,884,715), target_depth=2.2233 raw
2026-10-05 16:33:59.953 [T3] Person frame in FOLLOW: count=2, target_score=0.88, target_center=(789,538), target_box=(714,360,864,716), target_depth=2.2144 raw
2026-10-05 16:34:00.128 [T3] Person frame in FOLLOW: count=2, target_score=0.90, target_center=(770,525), target_box=(706,335,834,716), target_depth=2.3611 raw
2026-10-05 16:34:00.305 [T3] Person frame in FOLLOW: count=2, target_score=0.89, target_center=(756,529), target_box=(688,344,824,715), target_depth=1.2857 raw
2026-10-05 16:34:00.469 [T3] Person frame in FOLLOW: count=2, target_score=0.89, target_center=(726,534), target_box=(662,352,790,717), target_depth=1.7175 raw
2026-10-05 16:34:00.638 [T3] Person frame in FOLLOW: count=2, target_score=0.91, target_center=(715,535), target_box=(635,352,796,718), target_depth=2.1809 raw
2026-10-05 16:34:00.808 [T3] Person frame in FOLLOW: count=2, target_score=0.92, target_center=(691,521), target_box=(605,327,778,716), target_depth=1.4964 raw
2026-10-05 16:34:00.970 [T3] Person frame in FOLLOW: count=2, target_score=0.89, target_center=(744,521), target_box=(671,327,817,715), target_depth=2.2444 raw
2026-10-05 16:34:01.144 [T3] Person frame in FOLLOW: count=2, target_score=0.90, target_center=(793,530), target_box=(719,346,868,715), target_depth=2.0357 raw
2026-10-05 16:34:01.322 [T3] Person frame in FOLLOW: count=2, target_score=0.91, target_center=(792,529), target_box=(716,340,869,718), target_depth=2.2251 raw
2026-10-05 16:34:01.489 [T3] Person frame in FOLLOW: count=2, target_score=0.90, target_center=(811,535), target_box=(721,355,902,716), target_depth=1.3936 raw
2026-10-05 16:34:01.655 [T3] Person frame in FOLLOW: count=2, target_score=0.77, target_center=(847,518), target_box=(763,322,931,715), target_depth=2.1294 raw
2026-10-05 16:34:01.655 [T4] throttle=1.00 steer=0.32 -> L=0.92 R=0.28
2026-10-05 16:34:01.830 [T3] Person frame in FOLLOW: count=2, target_score=0.76, target_center=(767,537), target_box=(691,364,843,710), target_depth=1.8076 raw
2026-10-05 16:34:02.002 [T3] Person frame in FOLLOW: count=2, target_score=0.88, target_center=(813,536), target_box=(741,356,886,716), target_depth=2.2372 raw
2026-10-05 16:34:02.169 [T3] Person frame in FOLLOW: count=2, target_score=0.80, target_center=(795,531), target_box=(721,350,869,713), target_depth=1.7510 raw
2026-10-05 16:34:02.337 [T3] Person frame in FOLLOW: count=2, target_score=0.87, target_center=(822,523), target_box=(748,331,897,716), target_depth=1.9845 raw
2026-10-05 16:34:02.502 [T3] Person frame in FOLLOW: count=2, target_score=0.86, target_center=(828,528), target_box=(755,340,901,717), target_depth=1.9631 raw
2026-10-05 16:34:02.678 [T3] Person frame in FOLLOW: count=2, target_score=0.85, target_center=(822,527), target_box=(739,337,905,717), target_depth=1.8499 raw
2026-10-05 16:34:02.857 [T3] Person frame in FOLLOW: count=2, target_score=0.88, target_center=(853,533), target_box=(776,349,930,717), target_depth=1.7616 raw
2026-10-05 16:34:03.025 [T3] Person frame in FOLLOW: count=2, target_score=0.88, target_center=(860,539), target_box=(787,365,934,713), target_depth=1.7933 raw
2026-10-05 16:34:03.194 [T3] Person frame in FOLLOW: count=2, target_score=0.88, target_center=(873,549), target_box=(798,384,949,715), target_depth=2.1792 raw
2026-10-05 16:34:03.362 [T3] Person frame in FOLLOW: count=2, target_score=0.88, target_center=(875,544), target_box=(795,369,955,719), target_depth=1.6766 raw
2026-10-05 16:34:03.533 [T3] Person frame in FOLLOW: count=1, target_score=0.89, target_center=(852,537), target_box=(776,359,928,715), target_depth=1.5723 raw
2026-10-05 16:34:03.701 [T3] Person frame in FOLLOW: count=1, target_score=0.85, target_center=(849,538), target_box=(768,361,931,715), target_depth=2.0322 raw
2026-10-05 16:34:03.870 [T3] Person frame in FOLLOW: count=1, target_score=0.87, target_center=(837,542), target_box=(750,367,924,718), target_depth=2.0852 raw
2026-10-05 16:34:04.038 [T3] Person frame in FOLLOW: count=1, target_score=0.87, target_center=(856,556), target_box=(775,398,938,715), target_depth=2.2568 raw
2026-10-05 16:34:04.038 [T4] throttle=0.89 steer=0.34 -> L=0.87 R=0.20
2026-10-05 16:34:04.202 [T3] Person frame in FOLLOW: count=1, target_score=0.92, target_center=(854,547), target_box=(766,378,942,717), target_depth=1.9596 raw
2026-10-05 16:34:04.369 [T3] Person frame in FOLLOW: count=1, target_score=0.85, target_center=(885,536), target_box=(792,357,979,716), target_depth=1.7175 raw
2026-10-05 16:34:04.541 [T3] Person frame in FOLLOW: count=1, target_score=0.90, target_center=(840,541), target_box=(756,369,925,713), target_depth=1.8446 raw
2026-10-05 16:34:04.711 [T3] Person frame in FOLLOW: count=1, target_score=0.88, target_center=(810,539), target_box=(737,363,883,716), target_depth=2.0834 raw
2026-10-05 16:34:04.884 [T3] Person frame in FOLLOW: count=1, target_score=0.86, target_center=(807,532), target_box=(738,349,877,715), target_depth=1.7880 raw
2026-10-05 16:34:05.052 [T3] Person frame in FOLLOW: count=1, target_score=0.82, target_center=(784,524), target_box=(716,331,852,718), target_depth=2.1119 raw
2026-10-05 16:34:05.056 [T4] throttle=1.00 steer=0.22 -> L=0.83 R=0.38
2026-10-05 16:34:05.219 [T3] Person frame in FOLLOW: count=1, target_score=0.85, target_center=(759,523), target_box=(697,330,821,716), target_depth=2.1205 raw
2026-10-05 16:34:05.389 [T3] Person frame in FOLLOW: count=1, target_score=0.81, target_center=(760,524), target_box=(707,331,814,717), target_depth=1.6360 raw
2026-10-05 16:34:05.557 [T3] Person frame in FOLLOW: count=1, target_score=0.80, target_center=(759,520), target_box=(702,325,817,716), target_depth=2.0624 raw
2026-10-05 16:34:05.732 [T3] Person frame in FOLLOW: count=1, target_score=0.88, target_center=(732,522), target_box=(652,327,813,717), target_depth=1.5954 raw
2026-10-05 16:34:05.898 [T3] Person frame in FOLLOW: count=1, target_score=0.88, target_center=(730,517), target_box=(650,319,810,715), target_depth=2.0589 raw
2026-10-05 16:34:06.068 [T3] Person frame in FOLLOW: count=1, target_score=0.90, target_center=(705,508), target_box=(615,302,796,715), target_depth=1.7264 raw
2026-10-05 16:34:06.068 [T4] throttle=1.00 steer=0.10 -> L=0.70 R=0.50
2026-10-05 16:34:06.238 [T3] Person frame in FOLLOW: count=1, target_score=0.91, target_center=(740,504), target_box=(646,293,834,716), target_depth=2.8157 raw
2026-10-05 16:34:06.408 [T3] Person frame in FOLLOW: count=1, target_score=0.78, target_center=(758,488), target_box=(675,265,842,711), target_depth=1.8748 raw
2026-10-05 16:34:06.577 [T3] Person frame in FOLLOW: count=1, target_score=0.91, target_center=(736,500), target_box=(642,285,830,716), target_depth=1.7723 raw
2026-10-05 16:34:06.756 [T3] Person frame in FOLLOW: count=2, target_score=0.89, target_center=(744,492), target_box=(645,268,843,717), target_depth=1.5670 raw
2026-10-05 16:34:06.925 [T3] Person frame in FOLLOW: count=2, target_score=0.92, target_center=(778,494), target_box=(682,271,874,718), target_depth=1.8360 raw
2026-10-05 16:34:07.092 [T3] Person frame in FOLLOW: count=2, target_score=0.92, target_center=(800,509), target_box=(710,302,890,717), target_depth=1.3299 raw
2026-10-05 16:34:07.097 [T4] throttle=1.00 steer=0.25 -> L=0.85 R=0.35
2026-10-05 16:34:07.261 [T3] Person frame in FOLLOW: count=2, target_score=0.91, target_center=(791,507), target_box=(699,298,884,717), target_depth=1.7193 raw
2026-10-05 16:34:07.429 [T3] Person frame in FOLLOW: count=2, target_score=0.90, target_center=(783,500), target_box=(688,286,878,714), target_depth=1.5598 raw
2026-10-05 16:34:07.606 [T3] Person frame in FOLLOW: count=2, target_score=0.93, target_center=(789,498), target_box=(698,279,880,717), target_depth=1.3690 raw
2026-10-05 16:34:07.773 [T3] Person frame in FOLLOW: count=2, target_score=0.91, target_center=(759,493), target_box=(668,271,851,716), target_depth=1.7492 raw
2026-10-05 16:34:07.938 [T3] Person frame in FOLLOW: count=2, target_score=0.92, target_center=(745,480), target_box=(653,246,838,714), target_depth=1.7368 raw
2026-10-05 16:34:08.108 [T3] Person frame in FOLLOW: count=2, target_score=0.93, target_center=(734,463), target_box=(641,211,828,716), target_depth=1.6449 raw
2026-10-05 16:34:08.109 [T4] throttle=1.00 steer=0.15 -> L=0.75 R=0.45
2026-10-05 16:34:08.282 [T3] Person frame in FOLLOW: count=2, target_score=0.93, target_center=(722,463), target_box=(631,212,814,715), target_depth=1.7599 raw
2026-10-05 16:34:08.444 [T3] Person frame in FOLLOW: count=2, target_score=0.91, target_center=(721,461), target_box=(624,207,818,715), target_depth=1.7528 raw
2026-10-05 16:34:08.618 [T3] Person frame in FOLLOW: count=1, target_score=0.91, target_center=(713,467), target_box=(607,223,820,712), target_depth=1.7086 raw
2026-10-05 16:34:08.782 [T3] Person frame in FOLLOW: count=2, target_score=0.92, target_center=(745,462), target_box=(647,211,844,713), target_depth=1.7068 raw
2026-10-05 16:34:08.954 [T3] Person frame in FOLLOW: count=2, target_score=0.92, target_center=(738,462), target_box=(639,211,838,713), target_depth=1.8941 raw
2026-10-05 16:34:09.123 [T3] Person frame in FOLLOW: count=2, target_score=0.93, target_center=(766,445), target_box=(670,177,862,713), target_depth=1.7510 raw
2026-10-05 16:34:09.295 [T3] Person frame in FOLLOW: count=2, target_score=0.92, target_center=(758,438), target_box=(656,161,860,715), target_depth=1.6431 raw
2026-10-05 16:34:09.460 [T3] Person frame in FOLLOW: count=2, target_score=0.93, target_center=(743,437), target_box=(639,161,848,714), target_depth=1.7385 raw
2026-10-05 16:34:09.633 [T3] Person frame in FOLLOW: count=2, target_score=0.92, target_center=(747,428), target_box=(639,142,856,715), target_depth=1.6167 raw
2026-10-05 16:34:09.800 [T3] Person frame in FOLLOW: count=1, target_score=0.92, target_center=(766,422), target_box=(645,131,888,714), target_depth=1.4875 raw
2026-10-05 16:34:09.970 [T3] Person frame in FOLLOW: count=2, target_score=0.94, target_center=(764,405), target_box=(647,97,882,714), target_depth=1.3441 raw
2026-10-05 16:34:10.136 [T3] Person frame in FOLLOW: count=2, target_score=0.93, target_center=(771,404), target_box=(650,95,893,713), target_depth=1.4573 raw
2026-10-05 16:34:10.305 [T3] Person frame in FOLLOW: count=2, target_score=0.92, target_center=(751,390), target_box=(634,68,868,713), target_depth=1.4840 raw
2026-10-05 16:34:10.471 [T3] Person frame in FOLLOW: count=2, target_score=0.91, target_center=(762,385), target_box=(636,58,888,713), target_depth=1.5758 raw
2026-10-05 16:34:10.636 [T3] Person frame in FOLLOW: count=2, target_score=0.92, target_center=(749,359), target_box=(624,10,874,709), target_depth=1.2857 raw
2026-10-05 16:34:10.805 [T3] Person frame in FOLLOW: count=2, target_score=0.89, target_center=(760,355), target_box=(629,0,892,710), target_depth=1.3530 raw
2026-10-05 16:34:10.972 [T3] Person frame in FOLLOW: count=2, target_score=0.91, target_center=(774,354), target_box=(655,1,894,708), target_depth=1.4840 raw
2026-10-05 16:34:11.135 [T3] Person frame in FOLLOW: count=2, target_score=0.92, target_center=(764,354), target_box=(636,1,893,707), target_depth=1.7282 raw
2026-10-05 16:34:11.305 [T3] Person frame in FOLLOW: count=1, target_score=0.91, target_center=(776,357), target_box=(654,3,898,711), target_depth=1.4185 raw
2026-10-05 16:34:11.483 [T3] Person frame in FOLLOW: count=1, target_score=0.88, target_center=(748,355), target_box=(628,1,869,710), target_depth=1.6200 raw
2026-10-05 16:34:11.664 [T3] Person frame in FOLLOW: count=1, target_score=0.83, target_center=(738,357), target_box=(621,0,855,714), target_depth=1.3672 raw
2026-10-05 16:34:11.828 [T3] Person frame in FOLLOW: count=1, target_score=0.87, target_center=(698,356), target_box=(579,2,817,710), target_depth=1.0365 raw
2026-10-05 16:34:11.993 [T3] Person frame in FOLLOW: count=1, target_score=0.82, target_center=(638,356), target_box=(502,3,775,710), target_depth=1.7776 raw
2026-10-05 16:34:11.993 [T4] throttle=1.00 steer=-0.00 -> L=0.60 R=0.60
2026-10-05 16:34:12.162 [T3] Person frame in FOLLOW: count=2, target_score=0.88, target_center=(603,355), target_box=(457,2,750,709), target_depth=1.3512 raw
2026-10-05 16:34:12.329 [T3] Person frame in FOLLOW: count=2, target_score=0.91, target_center=(593,357), target_box=(444,2,742,712), target_depth=1.5990 raw
2026-10-05 16:34:12.495 [T3] Person frame in FOLLOW: count=2, target_score=0.93, target_center=(559,357), target_box=(390,2,729,712), target_depth=1.0576 raw
2026-10-05 16:34:12.659 [T3] Person frame in FOLLOW: count=2, target_score=0.94, target_center=(507,357), target_box=(326,2,689,712), target_depth=1.6855 raw
2026-10-05 16:34:12.831 [T3] Person frame in FOLLOW: count=2, target_score=0.92, target_center=(474,356), target_box=(247,2,701,711), target_depth=1.5598 raw
2026-10-05 16:34:13.002 [T3] Person frame in FOLLOW: count=2, target_score=0.91, target_center=(430,356), target_box=(186,1,674,711), target_depth=1.2185 raw
2026-10-05 16:34:13.003 [T4] throttle=1.00 steer=-0.33 -> L=0.27 R=0.93
2026-10-05 16:34:13.168 [T3] Person frame in FOLLOW: count=2, target_score=0.91, target_center=(376,357), target_box=(80,1,673,713), target_depth=1.3263 raw
2026-10-05 16:34:13.334 [T3] Person frame in FOLLOW: count=2, target_score=0.91, target_center=(343,356), target_box=(58,1,629,711), target_depth=1.4484 raw
2026-10-05 16:34:13.501 [T3] Person frame in FOLLOW: count=2, target_score=0.90, target_center=(360,357), target_box=(103,2,617,712), target_depth=1.8535 raw
2026-10-05 16:34:13.684 [T3] Person frame in FOLLOW: count=2, target_score=0.79, target_center=(344,357), target_box=(129,2,560,713), target_depth=1.6096 raw
2026-10-05 16:34:13.857 [T3] Person frame in FOLLOW: count=2, target_score=0.88, target_center=(347,354), target_box=(121,1,573,708), target_depth=1.4167 raw
2026-10-05 16:34:14.023 [T3] Person frame in FOLLOW: count=2, target_score=0.88, target_center=(357,356), target_box=(136,3,578,709), target_depth=1.2718 raw
2026-10-05 16:34:14.023 [T4] throttle=1.00 steer=-0.44 -> L=0.16 R=1.00
2026-10-05 16:34:14.197 [T3] Person frame in FOLLOW: count=2, target_score=0.84, target_center=(338,355), target_box=(123,2,554,709), target_depth=1.4840 raw
2026-10-05 16:34:14.364 [T3] Person frame in FOLLOW: count=2, target_score=0.88, target_center=(360,357), target_box=(156,3,564,712), target_depth=1.3317 raw
2026-10-05 16:34:14.536 [T3] Person frame in FOLLOW: count=1, target_score=0.94, target_center=(1135,389), target_box=(992,71,1278,708), target_depth=1.2665 raw
2026-10-05 16:34:14.705 [T3] Person frame in FOLLOW: count=2, target_score=0.87, target_center=(440,354), target_box=(193,2,687,707), target_depth=1.4221 raw
2026-10-05 16:34:14.873 [T3] Person frame in FOLLOW: count=2, target_score=0.58, target_center=(243,430), target_box=(4,150,483,711), target_depth=1.5175 raw
2026-10-05 16:34:15.045 [T3] Person frame in FOLLOW: count=1, target_score=0.81, target_center=(238,356), target_box=(1,1,476,711), target_depth=1.3583 raw
2026-10-05 16:34:15.045 [T4] throttle=1.00 steer=-0.63 -> L=-0.03 R=1.00
2026-10-05 16:34:15.215 [T3] Person frame in FOLLOW: count=1, target_score=0.89, target_center=(222,358), target_box=(0,2,444,714), target_depth=1.2117 raw
2026-10-05 16:34:15.217 [T3] RC switch -> mode MANUAL
2026-10-05 16:34:15.217 [T4] throttle=0.00 steer=0.00 -> L=0.00 R=0.00
2026-10-05 16:34:15.397 [T3] Person frame in MANUAL: count=1, target_score=0.75, target_center=(276,352), target_box=(0,0,552,705), target_depth=1.4061 raw
2026-10-05 16:34:15.561 [T3] Person frame in MANUAL: count=1, target_score=0.88, target_center=(342,357), target_box=(22,2,662,713), target_depth=1.3743 raw
2026-10-05 16:34:15.725 [T3] Person frame in MANUAL: count=2, target_score=0.47, target_center=(813,346), target_box=(365,2,1261,690), target_depth=1.1480 raw
2026-10-05 16:34:15.888 [T3] Person frame in MANUAL: count=0
2026-10-05 16:34:16.052 [T3] Person frame in MANUAL: count=1, target_score=0.72, target_center=(375,339), target_box=(1,0,749,678), target_depth=1.3370 raw
2026-10-05 16:34:16.215 [T3] Person frame in MANUAL: count=1, target_score=0.69, target_center=(375,331), target_box=(2,1,748,662), target_depth=1.2822 raw
2026-10-05 16:34:16.398 [T3] Person frame in MANUAL: count=1, target_score=0.84, target_center=(361,341), target_box=(4,2,718,680), target_depth=1.2434 raw
2026-10-05 16:34:16.565 [T3] Person frame in MANUAL: count=1, target_score=0.86, target_center=(290,351), target_box=(2,3,579,700), target_depth=1.5175 raw
2026-10-05 16:34:16.727 [T3] Person frame in MANUAL: count=1, target_score=0.89, target_center=(293,351), target_box=(0,2,586,700), target_depth=1.3903 raw
2026-10-05 16:34:16.912 [T3] Person frame in MANUAL: count=1, target_score=0.89, target_center=(290,352), target_box=(0,2,581,703), target_depth=1.2345 raw
2026-10-05 16:34:17.078 [T3] Person frame in MANUAL: count=1, target_score=0.81, target_center=(315,355), target_box=(50,3,580,708), target_depth=1.5157 raw
2026-10-05 16:34:17.240 [T3] Person frame in MANUAL: count=1, target_score=0.84, target_center=(333,350), target_box=(80,2,587,699), target_depth=1.3936 raw
2026-10-05 16:34:17.401 [T3] Person frame in MANUAL: count=1, target_score=0.90, target_center=(367,350), target_box=(115,2,619,698), target_depth=2.1860 raw
2026-10-05 16:34:17.584 [T3] Person frame in MANUAL: count=1, target_score=0.78, target_center=(445,356), target_box=(91,2,800,711), target_depth=1.1586 raw
2026-10-05 16:34:17.748 [T3] Person frame in MANUAL: count=2, target_score=0.74, target_center=(1005,355), target_box=(737,3,1273,708), target_depth=2.4284 raw
2026-10-05 16:34:17.769 [T4] throttle=-0.10 steer=0.00 -> L=-0.06 R=-0.06
2026-10-05 16:34:17.930 [T3] Person frame in MANUAL: count=2, target_score=0.41, target_center=(920,346), target_box=(639,3,1202,690), target_depth=1.1515 raw
2026-10-05 16:34:18.092 [T3] Person frame in MANUAL: count=2, target_score=0.49, target_center=(946,358), target_box=(616,3,1277,713), target_depth=1.1088 raw
2026-10-05 16:34:18.260 [T3] Person frame in MANUAL: count=1, target_score=0.79, target_center=(700,335), target_box=(161,1,1240,670), target_depth=1.1142 raw
2026-10-05 16:34:18.430 [T3] Person frame in MANUAL: count=1, target_score=0.64, target_center=(740,329), target_box=(345,2,1136,657), target_depth=1.0365 raw
2026-10-05 16:34:18.598 [T3] Person frame in MANUAL: count=1, target_score=0.90, target_center=(774,355), target_box=(422,2,1126,708), target_depth=1.2028 raw
2026-10-05 16:34:18.780 [T3] Person frame in MANUAL: count=1, target_score=0.91, target_center=(771,353), target_box=(435,2,1108,705), target_depth=1.7776 raw
2026-10-05 16:34:18.780 [T4] throttle=-1.00 steer=0.00 -> L=-0.60 R=-0.60
2026-10-05 16:34:18.943 [T3] Person frame in MANUAL: count=1, target_score=0.89, target_center=(799,355), target_box=(424,1,1175,710), target_depth=1.9809 raw
2026-10-05 16:34:19.126 [T3] Person frame in MANUAL: count=1, target_score=0.89, target_center=(794,356), target_box=(447,4,1142,708), target_depth=1.2540 raw
2026-10-05 16:34:19.308 [T3] Person frame in MANUAL: count=1, target_score=0.92, target_center=(747,355), target_box=(426,3,1069,708), target_depth=1.4627 raw
2026-10-05 16:34:19.474 [T3] Person frame in MANUAL: count=1, target_score=0.86, target_center=(643,357), target_box=(338,3,949,712), target_depth=1.0490 raw
2026-10-05 16:34:19.660 [T3] Person frame in MANUAL: count=1, target_score=0.89, target_center=(630,356), target_box=(360,4,901,708), target_depth=1.7403 raw
2026-10-05 16:34:19.822 [T3] Person frame in MANUAL: count=1, target_score=0.89, target_center=(581,356), target_box=(332,3,831,710), target_depth=1.6378 raw
2026-10-05 16:34:20.006 [T3] Person frame in MANUAL: count=1, target_score=0.88, target_center=(541,356), target_box=(313,2,769,710), target_depth=2.0728 raw
2026-10-05 16:34:20.172 [T3] Person frame in MANUAL: count=2, target_score=0.84, target_center=(474,355), target_box=(257,1,691,710), target_depth=1.1903 raw
2026-10-05 16:34:20.333 [T3] Person frame in MANUAL: count=2, target_score=0.89, target_center=(479,357), target_box=(262,2,696,712), target_depth=1.6114 raw
2026-10-05 16:34:20.333 [T4] throttle=-0.85 steer=0.00 -> L=-0.51 R=-0.51
2026-10-05 16:34:20.394 [T4] throttle=0.00 steer=0.00 -> L=0.00 R=0.00
2026-10-05 16:34:20.516 [T3] Person frame in MANUAL: count=2, target_score=0.86, target_center=(460,356), target_box=(252,2,669,710), target_depth=0.9426 raw
2026-10-05 16:34:20.682 [T3] Person frame in MANUAL: count=2, target_score=0.88, target_center=(453,355), target_box=(249,2,657,709), target_depth=0.9939 raw
2026-10-05 16:34:20.865 [T3] Person frame in MANUAL: count=3, target_score=0.89, target_center=(444,357), target_box=(249,3,640,711), target_depth=1.2046 raw
2026-10-05 16:34:21.030 [T3] Person frame in MANUAL: count=2, target_score=0.83, target_center=(447,357), target_box=(267,2,627,713), target_depth=1.1850 raw
2026-10-05 16:34:21.193 [T3] Person frame in MANUAL: count=2, target_score=0.86, target_center=(436,357), target_box=(243,4,630,711), target_depth=1.3972 raw
2026-10-05 16:34:21.356 [T3] Person frame in MANUAL: count=2, target_score=0.88, target_center=(429,357), target_box=(234,3,624,712), target_depth=1.0170 raw
2026-10-05 16:34:21.518 [T3] Person frame in MANUAL: count=2, target_score=0.86, target_center=(425,356), target_box=(240,3,611,710), target_depth=0.9939 raw
2026-10-05 16:34:21.684 [T3] Person frame in MANUAL: count=2, target_score=0.88, target_center=(425,356), target_box=(247,3,604,709), target_depth=1.3886 raw
2026-10-05 16:34:21.867 [T3] Person frame in MANUAL: count=2, target_score=0.88, target_center=(409,356), target_box=(234,4,585,709), target_depth=0.7693 raw
2026-10-05 16:34:22.029 [T3] Person frame in MANUAL: count=2, target_score=0.89, target_center=(402,356), target_box=(233,4,572,709), target_depth=0.8985 raw
2026-10-05 16:34:22.195 [T3] Person frame in MANUAL: count=2, target_score=0.89, target_center=(403,355), target_box=(226,4,580,707), target_depth=0.7621 raw
2026-10-05 16:34:22.380 [T3] Person frame in MANUAL: count=2, target_score=0.90, target_center=(406,355), target_box=(227,4,585,706), target_depth=1.2149 raw
2026-10-05 16:34:22.543 [T3] Person frame in MANUAL: count=2, target_score=0.89, target_center=(411,354), target_box=(235,3,588,706), target_depth=0.9073 raw
2026-10-05 16:34:22.729 [T3] Person frame in MANUAL: count=2, target_score=0.91, target_center=(428,354), target_box=(247,3,609,706), target_depth=1.1992 raw
2026-10-05 16:34:22.893 [T3] Person frame in MANUAL: count=2, target_score=0.91, target_center=(438,355), target_box=(260,2,617,708), target_depth=1.0647 raw
2026-10-05 16:34:23.055 [T3] Person frame in MANUAL: count=2, target_score=0.92, target_center=(444,354), target_box=(269,2,620,706), target_depth=1.1886 raw
2026-10-05 16:34:23.218 [T3] Person frame in MANUAL: count=2, target_score=0.92, target_center=(448,355), target_box=(274,3,623,707), target_depth=2.0660 raw
2026-10-05 16:34:23.402 [T3] Person frame in MANUAL: count=2, target_score=0.89, target_center=(461,355), target_box=(290,3,632,708), target_depth=1.1320 raw
2026-10-05 16:34:23.570 [T3] Person frame in MANUAL: count=2, target_score=0.91, target_center=(461,356), target_box=(295,2,627,711), target_depth=1.0576 raw
2026-10-05 16:34:23.731 [T3] Person frame in MANUAL: count=2, target_score=0.93, target_center=(461,355), target_box=(300,1,622,710), target_depth=1.1088 raw
2026-10-05 16:34:23.894 [T3] Person frame in MANUAL: count=2, target_score=0.93, target_center=(460,355), target_box=(306,1,614,709), target_depth=1.1284 raw
2026-10-05 16:34:24.059 [T3] Person frame in MANUAL: count=2, target_score=0.93, target_center=(465,355), target_box=(325,1,605,710), target_depth=1.6784 raw
2026-10-05 16:34:24.240 [T3] Person frame in MANUAL: count=2, target_score=0.93, target_center=(464,359), target_box=(318,8,610,711), target_depth=0.9885 raw
2026-10-05 16:34:24.403 [T3] Person frame in MANUAL: count=2, target_score=0.94, target_center=(470,369), target_box=(322,30,618,709), target_depth=1.3672 raw
2026-10-05 16:34:24.565 [T3] Person frame in MANUAL: count=2, target_score=0.93, target_center=(477,374), target_box=(330,38,625,710), target_depth=1.2929 raw
2026-10-05 16:34:24.728 [T3] Person frame in MANUAL: count=2, target_score=0.94, target_center=(479,376), target_box=(331,42,628,710), target_depth=1.5018 raw
2026-10-05 16:34:24.774 [T4] Motor controller stopped
2026-10-05 16:34:24.794 [T4] Watchdog stopped
2026-10-05 16:34:24.895 [T3] Decision engine stopped
2026-10-05 16:34:24.962 [T3] Pipe reader stopped
2026-10-05 16:34:24.964 [RC] Receiver stopped
2026-10-05 16:34:25.064 [T2] Inference engine stopped
2026-10-05 16:34:25.087 [T1] Camera capture stopped
2026-10-05 16:34:25.088 [Record] Wrote 746 frames
2026-10-05 16:34:27.365 [Main] Done.
